0.21600109469626338,0.2776579410875428,0.3512482986978862,0.4275684919154914,0.5035881690659969,0.5779651739070937,0.6499868429479652,0.71921059045017,0.7853157065944965,0.848034578338009,0.9071185097890493,0.962320406723947,1.0133865201755312,1.0600535364380486,1.1020491375887433,1.1390950295401643,1.1709118591163894,1.1972256410175857,1.2177753940632505,1.2323216966083685,1.2406558433522201,1.242609239423662,1.238062617540343,1.2269546228914472,1.209289289264977,1.1851419379208867,1.1546630740069825,1.1180799362366163,1.0756954717400895,1.027884652212541,0.9750882080734432,0.9178040196014974,0.8565765520322024,0.7919848406168659,0.7246296101028029,0.6551201443510566,0.5840615048987732,0.5120426367815323,0.43962580496273174,0.3673376872673325,0.2956623227799069,0.2250359904549737,0.15584398124823173,0.08841913546139801,0.023041949003564266,-0.040057991296850615,-0.10069950397698779,-0.1587465027769478,-0.2141041280527055,-0.26671454309691245,-0.3165525874769523,-0.3636214453803547,-0.40794845282167036,-0.44958113549863665,-0.48858354043921237,-0.5250329000798318,-0.5590166472936094,-0.5906297840246669,-0.6199725942274367,-0.6471486832710177,-0.6722633203065438,-0.6954220567676541,-0.7167295926742108,-0.7362888622874866,-0.7542003115373994,-0.7705613411926497,-0.7854658917202113,-0.7990041479860281,-0.8112623442375231,-0.8223226520749485,-0.8322631362899999,-0.8411577654795116,-0.8490764662023619,-0.8560852111264252,-0.86224613310755,-0.8676176584594856,-0.8722546538224101,-0.8762085820311989,-0.8795276632370814,-0.8822570382626631,-0.8844389317849365,-0.886112813457646,-0.8873155555160397,-0.888081585765307,-0.8884430351493516,-0.8884298793383154,-0.8880700739696485,-0.8873896833356352,-0.8864130024363663,-0.885162672416455,-0.8836597894809338,-0.8819240074445911,-0.8799736341127673,-0.8778257217231611,-0.8754961516997266,-0.8729997139833194,-0.8703501812108951,-0.8675603780171854,-0.8646422457309624,-0.8616069027331449
0.17451141576766588,0.200779487741931,0.14978441007970228,0.08275539226641812,0.011506162115676732,-0.06090094127985038,-0.1337379338995484,-0.20700688377271048,-0.2809373258751529,-0.3558073205162925,-0.43187491374606246,-0.5093508759020213,-0.5883876712928865,-0.6690749175395782,-0.7514374280927033,-0.8354343191319575,-0.9209586930230484,-1.007837871563764,-1.0958343578222491,-1.1846477862492841,-1.2739181324753783,-1.3632304206735237,-1.4521210985641593,-1.5400861547471143,-1.6265909365938713,-1.7110814976887405,-1.7929971723115776,-1.8717839530757132,-1.9469081495677822,-2.0178697426118783,-2.0842148296192473,-2.1455465858794383,-2.2015342435514405,-2.251919707786574,-2.2965215762372515,-2.335236489302243,-2.36803789784491,-2.3949724779405512,-2.4161545366469594,-2.431758831337938,-2.442012265049089,-2.4471849232692997,-2.4475808889220305,-2.443529219457299,-2.4353754015199107,-2.423473522865617,-2.408179325273656,-2.389844231755019,-2.3688103801875253,-2.345406645710213,-2.319945596406148,-2.2927213005032776,-2.2640078872834892,-2.2340587564453447,-2.203106329999551,-2.1713622451187975,-2.139017894121086,-2.106245227590209,-2.073197747450097,-2.040011627795542,-2.0068069118606386,-1.9736887432968382,-1.940748598713803,-1.9080654961081203,-1.8757071603556528,-1.8437311324207724,-1.8121858134252464,-1.7811114383268454,-1.7505409767964377,-1.720500961065327,-1.691012242148688,-1.6620906770333,-1.633747750234569,-1.6059911336536414,-1.578825188963569,-1.5522514168770787,-1.5262688576409538,-1.500874446998849,-1.4760633316938103,-1.4518291483661274,-1.4281642694588983,-1.4050600194859892,-1.3825068647550096,-1.3604945793787213,-1.3390123901571804,-1.3180491026734908,-1.2975932107204542,-1.2776329909651105,-1.2581565845635947,-1.2391520672599785,-1.2206075093395259,-1.2025110266583015,-1.184850823836711,-1.1676152305832888,-1.1507927320059983,-1.134371993670503,-1.118341882077322,-1.1026914811516138,-1.087410105269642,-1.0724873092839573
6.157928389312014,4.267874599718308,3.3581380748466025,2.786937844634148,2.3834982085218916,2.0788795909102324,1.8387792071613631,1.6437808306195718,1.481882553334756,1.3451739432063816,1.2281802795079433,1.126964244417469,1.038605198430663,0.9608808607280301,0.8920640409570104,0.830788011810133,0.7759545337808524,0.7266693193135658,0.6821956868439476,0.6419205929558263,0.6053292842921802,0.5719860761902464,0.5415195665044861,0.5136111133945949,0.48798575116331677,0.46440495200154164,0.4426608026482619,0.42257127790744664,0.403976373312968,0.38673491719789177,0.3707219247809259,0.3558263882032271,0.34194941986524063,0.329002684100949,0.3169070657159754,0.3055915342956108,0.29499217124314847,0.2850513328082891,0.27571692732886266,0.2669417888474068,0.25868313240963725,0.25090207887977845,0.243563239151382,0.23663434929355054,0.2300859495301638,0.22389110106476362,0.218025135683931,0.21246543383476568,0.20719122750710617,0.20218342478193196,0.19742445335284842,0.19289812070273005,0.18858948893471938,0.18448476252575308,0.180571187499589,0.1768369607116499,0.17327114810514166,0.16986361094141844,0.16660493913107488,0.16348639089882144,0.16049983810741209,0.15763771664582837,0.15489298135642493,0.15225906503626474,0.14972984110069676,0.14729958954345357,0.14496296586803237,0.1427149727006901,0.14055093382665818,0.13846647041874716,0.13645747925184493,0.1345201127183172,0.13265076047837443,0.13084603259636518,0.1291027440289526,0.12741790034449818,0.12578868456485426,0.1242124450313764,0.12268668420644802,0.12120904833027002,0.11977731786026524,0.11838939862724562,0.11704331364858866,0.11573719554416972,0.11446927950570929,0.11323789677466545,0.11204146858778319,0.11087850055304649,0.109747577422035,0.10864735822764293,0.10757657175879676,0.1065340123462204,0.1055185359355022,0.10452905642570764,0.10356454225359024,0.10262401320510539,0.10170653743742519,0.10081122869601844,0.09993724371260504,0.09908377977092564
2.244393452778433,1.9120171128861922,1.713075880655417,1.5654791859590924,1.4466776380125401,1.3470282210076,1.2613700317141057,1.1865361721896401,1.1203986013247809,1.0614336218813396,1.008498834386282,0.9607077446814722,0.9173540828531777,0.8778634506089382,0.8417609589783737,0.808648717995506,0.7781896658513112,0.7500956310485833,0.7241183124161057,0.7000423267121823,0.6776797570343589,0.6568658138967813,0.6374553367366391,0.6193199407818626,0.6023456668070624,0.5864310279119285,0.571485373425896,0.5574275087883234,0.5441845240000234,0.5316907934699189,0.5198871177922924,0.5087199838760397,0.49814092439066715,0.48810596103728066,0.4785751189431455,0.46951200169525564,0.46088341830400736,0.4526590548213407,0.44481118450261103,0.437314411354647,0.4301454426970428,0.42328288701325256,0.41670707390865114,0.41039989344476835,0.4043446524987938,0.39852594611793235,0.39292954210971953,0.3875422773403513,0.382351964410121,0.3773473075438093,0.3725178266788056,0.367853788858608,0.3633461461471984,0.35898647937324557,0.3547669470941761,0.3506802392408105,0.34671953496483554,0.34287846426522917,0.3391510730169487,0.3355317910665885,0.33201540309611666,0.328597021987886,0.3252720644524084,0.3220362287054075,0.3188854740027961,0.31581600186187686,0.31282423881448307,0.3099068205532899,0.30706057734632,0.3042825206069749,0.3015698305179124,0.29891984461689836,0.29633004726155665,0.2937980598978056,0.2913216320638238,0.2888986330677429,0.28652704428293874,0.28420495200993845,0.28193054085856817,0.27970208760812454,0.2775179555071239,0.27537658897756045,0.2732765086916793,0.2712163069920519,0.2691946436282415,0.26721024178564334,0.26526188438413356,0.26334841062605807,0.2614687127747811,0.2596217331465748,0.2578064613000468,0.2560219314085793,0.25426721980243316,0.25254144266824197,0.2508437538945887,0.24917334305326322,0.24752943350660195,0.24591128063206524,0.24431817015588908,0.2427494165882722
7.711676346614238,5.826640979183163,4.887961076377056,4.2718847137139475,3.8137009232833607,3.4472337504742283,3.139656764187831,2.872427774153716,2.634104868055829,2.4171637891745004,2.216418354739231,2.0281675153825574,1.8497038768566458,1.6790155524339316,1.5145975647558965,1.3553282490940197,1.2003856333176963,1.0491890483354362,0.901356903075808,0.7566748380830222,0.6150704488356358,0.4765920176738112,0.3413895232266797,0.20969678205061681,0.08181401628790108,-0.041909513029593004,-0.16109288786772336,-0.2753407868276849,-0.38426029620762514,-0.4874768489638521,-0.584648805202463,-0.6754801895744569,-0.7597311573307395,-0.8372258630813312,-0.9078575414769685,-0.9715907612279531,-1.028460966402882,-1.078571556442227,-1.122088866590119,-1.1592354857064042,-1.1902823857220923,-1.2155403379018836,-1.2353510607139735,-1.2500784899309951,-1.2601004920310737,-1.2658012652759174,-1.2675645961823108,-1.2657680680460892,-1.2607782565055676,-1.2529468969134805,-1.2426079701327972,-1.2300756267783663,-1.2156428536394337,-1.1995807783642292,-1.182138507644056,-1.1635433983259589,-1.1440016685117014,-1.1236992654150038,-1.102802917467303,-1.0814613090664633,-1.0598063268712372,-1.0379543362737593,-1.0160074554106722,-0.9940548016992067,-0.9721736923950216,-0.9504307861108685,-0.9288831566938277,-0.9075792944390546,-0.8865600324328289,-0.8658593979796423,-0.8455053906835723,-0.8255206899200745,-0.8059232952364975,-0.7867271037324862,-0.7679424287580128,-0.7495764643800953,-0.731633700052486,-0.7141162898112269,-0.697024380141016,-0.6803564004350848,-0.6641093197220775,-0.648278873070391,-0.6328597608135289,-0.6178458234764818,-0.6032301950280906,-0.5890054368413709,-0.5751636545149534,-0.5616965994955936,-0.5485957572444684,-0.5358524235088187,-0.5234577700950451,-0.5114029013888945,-0.4996789027321692,-0.4882768816424735,-0.47718800275193596,-0.46640351724164,-0.45591478745968494,-0.44571330733144876,-0.43579071909987066,-0.42613882687055704
-0.392079068128226,-0.21032047129689957,-0.06274208964255257,0.06588305784304849,0.18146781583556182,0.2870425479495371,0.3843796798843253,0.47458800669287426,0.5583798000348832,0.6362084457701691,0.7083469510383993,0.774936627278223,0.8360196616822955,0.8915625950788724,0.9414745603450041,0.9856225129121727,1.0238447868330471,1.0559637722259632,1.0817981598891837,1.1011749509386322,1.1139412407804157,1.1199756374465213,1.1191990567224916,1.1115845500979709,1.0971657695171533,1.0760436593771412,1.0483909943180807,1.0144544513738505,0.974554013328744,0.9290796385158127,0.878485288557243,0.8232805645449894,0.7640203477181484,0.7012929578189107,0.6357074193149999,0.5678804558020802,0.49842381510490896,0.42793246640614857,0.35697411520983,0.28608036405478077,0.21573971960132243,0.14639252221644394,0.07842776251125638,0.012181657479539365,-0.05206220925834959,-0.11407142229802425,-0.17366220445842784,-0.23069608342764913,-0.28507600266059696,-0.3367420995117517,-0.3856673424138775,-0.43185318483688884,-0.475325359660969,-0.5161299055621398,-0.5543294883879877,-0.5900000560219439,-0.6232278451315901,-0.6541067423498977,-0.682735990494689,-0.7092182219046295,-0.7336577953180868,-0.7561594094020923,-0.776826964546282,-0.7957626444213601,-0.8130661896796876,-0.8288343377308705,-0.8431604045051573,-0.8561339863266544,-0.8678407623104516,-0.8783623799670933,-0.8877764088717847,-0.8961563492873809,-0.903571684492506,-0.9100879672466217,-0.9157669323205531,-0.9206666283393159,-0.9248415633340319,-0.9283428593942917,-0.9312184126658107,-0.9335130556654043,-0.9352687195007267,-0.9365245940996507,-0.9373172849864395,-0.9376809655006877,-0.9376475236508434,-0.9372467030363412,-0.9365062374691449,-0.9354519790839799,-0.9341080198529337,-0.9324968065197,-0.9306392490461555,-0.9285548227229965,-0.9262616641401656,-0.9237766612444964,-0.9211155377337377,-0.9182929320498328,-0.9153224712416346,-0.9122168399694897,-0.908987844922422,-0.9056464749139144
7.478912280617873,5.339544942750988,4.2593199274580495,3.5601235375153437,3.055863557883753,2.669376359999257,2.361352931147292,2.109080839778927,1.8982669711640252,1.7193433671662979,1.5655987189766558,1.4321502418404721,1.3153397525821648,1.2123598899162893,1.1210126628422195,1.0395478146624204,0.9665512999731187,0.9008663185357719,0.8415361319477195,0.7877618327267617,0.7388706108957448,0.6942915388628794,0.6535368374924921,0.6161872024822639,0.5818801820961872,0.5503008781274663,0.5211744368446538,0.494259934118114,0.4693453573056545,0.44624345786127506,0.42478830108030863,0.4048323783795085,0.3862441768009415,0.36890612265554146,0.35271283324682456,0.3375696237689816,0.3233912267194732,0.3101006892083249,0.2976284199039134,0.28591136241508486,0.2748922759623833,0.2645191074569968,0.2547444417526312,0.24552501899173595,0.23682130973328974,0.2285971400022767,0.22081935960202215,0.21345754802771244,0.20648375315070866,0.19987225853903035,0.19359937586392517,0.18764325933526438,0.1819837395254692,0.176602174295585,0.17148131483844353,0.16660518511122768,0.16195897315013652,0.15752893294915138,0.15330229574790222,0.14926718971432706,0.1454125671295997,0.1417281382884107,0.13820431141950162,0.13483213801136018,0.13160326299780756,0.128509879319327,0.1255446864295129,0.1227008523630646,0.11997197902310752,0.11735207038209083,0.11483550332269954,0.1124170008736658,0.11009160762058512,0.10785466709418734,0.10570180095837245,0.10362888983799334,0.10163205564210476,0.09970764525242426,0.09785221545931522,0.09606251903879026,0.0943354918741015,0.09266824103447313,0.09105803373162202,0.08950228708197994,0.08799855860905614,0.08654453742628188,0.08513803604597325,0.08377698276484624,0.08245941458084827,0.08118347059997899,0.0799473858953279,0.07874948578375851,0.07758818048858684,0.076461960159249,0.0753693902213477,0.07430910703266436,0.0732798138227021,0.0722802768951436,0.07130932207425755,0.07036583137779562
5.12682301121359,3.344134730322932,2.536954159293309,2.0645528428879643,1.7570352094884336,1.5462122283029593,1.398425708712762,1.294813286220165,1.2238464082139626,1.1780143331151547,1.1521727611250183,1.14264810151312,1.1467179758703643,1.1622931701503072,1.1877140355155227,1.221615266049505,1.2628334002363162,1.3103421688257253,1.3632067705997146,1.42055158020035,1.4815378142760496,1.5453488958023052,1.6111819835318197,1.6782445571484201,1.7457551785036856,1.8129476555970792,1.8790778675070687,1.9434325017818084,2.005338939376791,2.0641755181995105,2.1193814305041405,2.170465570872166,2.2170137524381817,2.258693844844902,2.2952585480752696,2.326545688050397,2.352476087518725,2.3730492150243983,2.388336934247384,2.398475758563728,2.4036580587779075,2.404122677521987,2.4001453771881214,2.3920294971067517,2.380097128585776,2.364681041742708,2.346117523050778,2.3247402128232353,2.3008749713150536,2.274835752840781,2.2469214299363713,2.2174134836555086,2.1865744603559025,2.1546470881430095,2.121853945689322,2.0883975806741417,2.054460983002968,2.0202083279239025,1.98578591508594,1.951323240667945,1.9169341503703619,1.8827180309249902,1.8487610066223255,1.8151371150822626,1.7819094430919322,1.7491312088529862,1.7168467815059856,1.6850926324381075,1.653898215746448,1.6232867774361532,1.5932760945877742,1.5638791469291045,1.5351047240798654,1.5069579722778248,1.4794408847058176,1.4525527396740108,1.4262904909141951,1.4006491141485922,1.3756219139329906,1.3512007945654319,1.3273764986146708,1.304138816370553,1.281476769261382,1.2593787700286354,1.237832762202289,1.2168263411841898,1.1963468590245594,1.1763815147693486,1.1569174320641955,1.1379417255243782,1.1194415572190162,1.101404184471243,1.0838170000434364,1.0666675656569211,1.0499436396879294,1.0336331997851071,1.0177244610674807,1.0022058904846947,0.9870662178526335,0.9722944440163854
8.256862990362519,5.2335608635400215,3.918130223675593,3.1621659171849985,2.67189210891767,2.332766147043324,2.0896097119055748,1.9121363930236943,1.7821655027292898,1.6880398513773467,1.6218914039577033,1.578181143460125,1.5528648296644247,1.5428896061101995,1.545876247144284,1.55991093017264,1.5834045245988846,1.6149952057633388,1.6534799620711054,1.6977661248063602,1.7468373197170703,1.799730204112092,1.8555195453453055,1.9133099154108701,1.9722326978676676,2.0314473366084416,2.0901458732651705,2.1475598721891735,2.2029688565441985,2.2557094040278427,2.305184095698251,2.350869587943761,2.3923231896068593,2.4291874702885945,2.4611925926532168,2.4881562379239037,2.5099811649249517,2.526650594998256,2.5382217367238558,2.5448178485654274,2.546619281948696,2.543853953837556,2.5367876720505707,2.525714686050793,2.510948769362871,2.492815065506885,2.4716428546673956,2.4477593288970945,2.4214844033369443,2.3931265418416863,2.3629795381836276,2.331320168198991,2.298406612613312,2.264477543184034,2.2297517644244857,2.194428307763608,2.1586868829636425,2.122688601621716,2.0865768985473765,2.050478587925033,2.014505001861707,1.9787531688079463,1.9433069982047415,1.9082384454534966,1.8736086379195656,1.8394689482118474,1.8058620055179124,1.7728226394228428,1.7403787535148676,1.7085521282955662,1.6773591545743423,1.6468114997336678,1.6169167100899369,1.5876787531195713,1.559098503634983,1.531174178133435,1.5039017215474815,1.4772751505341708,1.4512868572800428,1.4259278775925648,1.4011881268136581,1.3770566068406414,1.353521587284435,1.3305707635415818,1.3081913943107897,1.2863704208500453,1.2650945700489964,1.2443504431848669,1.2241245920390336,1.204403583875775,1.1851740566242448,1.1664227654588064,1.1481366218407725,1.130302725965434,1.1129083934510853,1.0959411770106644,1.0793888837606298,1.0632395887449473,1.0474816451836484,1.0321036918945765
-1.7523501232999728,-1.73014617895732,-1.7803612177093135,-1.8424485478200519,-1.9047419273004023,-1.9641248205704234,-2.0197162678665057,-2.0713099172363485,-2.118894062946795,-2.162486971128855,-2.202079044318872,-2.2376148254321686,-2.2689908178787266,-2.296059883047412,-2.318638526423253,-2.3365155886507556,-2.349461752668046,-2.357239626037416,-2.3596142650560714,-2.3563640047878907,-2.3472914067654154,-2.3322340645434765,-2.3110749351900606,-2.2837518056586608,-2.250265467598384,-2.210686171013049,-2.1651579618603756,-2.1139005829512456,-2.0572087285647807,-1.9954485834333167,-1.9290517342639324,-1.8585067018167432,-1.7843484877144742,-1.7071466477052015,-1.6274924804100706,-1.545985950936022,-1.4632229511049266,-1.3797834369868733,-1.296220889001077,-1.2130534220331446,-1.130756745787141,-1.0497590511430874,-0.9704377866607676,-0.8931181976006649,-0.8180734317180062,-0.7455259724153148,-0.6756501389744601,-0.6085753922132403,-0.5443901977888147,-0.48314622401556134,-0.4248626822506928,-0.3695306519896558,-0.31711726692419234,-0.2675696702615223,-0.22081867623234258,-0.17678209920253354,-0.13536773191355608,-0.09647597022957047,-0.060002093718834575,-0.025838219929288343,0.006125044124898275,0.035997226425477105,0.06388686202419305,0.08990058427293776,0.11414240762879224,0.13671317600492497,0.15771015261536717,0.1772267294682786,0.19535223695198126,0.21217183622516672,0.22776647929461097,0.24221292369350778,0.25558379053411573,0.2679476563872929,0.2793691709367278,0.2899091936726526,0.2996249440385293,0.30857016043762275,0.3167952643587951,0.32434752660705535,0.3312712332389127,0.33760784931916504,0.3433961790472619,0.3486725211594697,0.35347081880824816,0.35782280336183325,0.36175813176321714,0.36530451724566715,0.36848785332781664,0.37133233111050545,0.3738605499745218,0.3760936218370427,0.3780512691681958,0.37975191700051564,0.3812127791854795,0.3824499391647164,0.3834784255305107,0.3843122826522045,0.3849646366431631,0.38544775693799394
-4.759551993243875,-4.105333296887617,-3.6846838121711185,-3.3658919041032997,-3.107147641510152,-2.8890211368694856,-2.700629483500513,-2.5351511179086565,-2.3879750388042207,-2.2558109726438342,-2.136213350658678,-2.0273057085945587,-1.9276110860255138,-1.835942462337941,-1.75132911681329,-1.6729654753628451,-1.6001745728670291,-1.5323813236515607,-1.4690925572940445,-1.4098818337810235,-1.3543777066332097,-1.3022545201845142,-1.2532251005674806,-1.2070348830929771,-1.163457143953508,-1.1222890914322587,-1.0833486336159437,-1.0464716840782766,-1.0115098994402028,-0.9783287666824793,-0.9468059760076772,-0.9168300285957214,-0.8882990389418841,-0.8611196994408341,-0.8352063810824992,-0.8104803489892651,-0.7868690753679961,-0.7643056355107152,-0.7427281749311414,-0.7220794377039272,-0.7023063476807587,-0.6833596355701482,-0.6651935059457699,-0.6477653391381921,-0.6310354237033571,-0.6149667157768417,-0.5995246221386185,-0.5846768042468244,-0.5703930008654299,-0.5566448672214662,-0.5434058288919517,-0.5306509488466524,-0.518356806266542,-0.5065013859244616,-0.4950639770582574,-0.48402508079111956,-0.47336632526185124,-0.4630703877218149,-0.4531209229373396,-0.4435024973081698,-0.43420052817549054,-0.42520122784842007,-0.4164915519266326,-0.40805915153985134,-0.3998923291630472,-0.39197999769998404,-0.38431164255776645,-0.37687728646175706,-0.36966745678405655,-0.36267315518001164,-0.35588582934624824,-0.3492973467307805,-0.3428999700410485,-0.33668633440949297,-0.3306494260886519,-0.3247825625589219,-0.31907937394219704,-0.3135337856236905,-0.3081400019924853,-0.30289249121880957,-0.2977859709927992,-0.292815395155653,-0.28797594115966346,-0.28326299829869167,-0.27867215665527395,-0.2741991967147771,-0.26984007960086187,-0.2655909378900372,-0.26144806696630446,-0.25740791687983317,-0.25346708467631496,-0.24962230716610584,-0.24587045410454667,-0.24220852175693386,-0.23863362682352246,-0.23514300070171706,-0.2317339840642238,-0.22840402173342822,-0.2251506578336508,-0.22197153120419716
-5.133070414976904,-5.056890872524372,-4.984706554139343,-4.9190166855762545,-4.85958014813257,-4.805662051862617,-4.756447553120262,-4.7111405821536785,-4.668985575500084,-4.629267752234638,-4.591307814262715,-4.554456139335413,-4.518088152426241,-4.4816014102506685,-4.4444145222439335,-4.405967876125233,-4.365726067084169,-4.323181883474,-4.27786165539171,-4.2293317186681945,-4.17720568614865,-4.121152155390526,-4.060902424218584,-3.9962577415187415,-3.9270955990720138,-3.8533745789955134,-3.7751373160066772,-3.6925112162076323,-3.6057066918502723,-3.5150128172392825,-3.420790472879477,-3.3234632084357507,-3.22350620416821,-3.1214338304537224,-3.017786384282215,-2.9131166135809847,-2.8079766239249313,-2.7029057022303213,-2.598419497521756,-2.4950008818109786,-2.3930926875345446,-2.293092394085612,-2.1953487247966192,-2.1001600243408873,-2.007774218729427,-1.9183901166833621,-1.8321597905321916,-1.7491917736124614,-1.6695548251904775,-1.5932820387256745,-1.520375100604393,-1.4508085406726208,-1.384533850102523,-1.3214833742560872,-1.261573916910617,-1.2047100167610107,-1.1507868772789518,-1.0996929469105041,-1.0513121585855265,-1.0055258460820422,-0.9622143604784656,-0.9212584132792567,-0.8825401743217565,-0.8459441527138363,-0.8113578881976438,-0.778672478800587,-0.7477829686737418,-0.718588617825606,-0.6909930731822987,-0.6649044581496607,-0.6402353956910659,-0.6169029779142445,-0.5948286933081212,-0.5739383210993019,-0.5541618007093313,-0.5354330829829762,-0.517689968714574,-0.5008739390110535,-0.4849299811823173,-0.46980641312758137,-0.45545470857545245,-0.4418293250223363,-0.42888753578532285,-0.4165892672304163,-0.40489694194434345,-0.39377532837892565,-0.3831913973029299,-0.3731141852403135,-0.36351466494967166,-0.354365622902182,-0.34564154363987115,-0.33731850083875714,-0.32937405485905713,-0.3217871565344667,-0.3145380569321749,-0.3076082228028503,-0.3009802574337256,-0.2946378266167491,-0.28856558944649746,-0.28274913366822724
-11.220189994318465,-8.01951375904391,-6.529269390347608,-5.599970935127432,-4.936927914122776,-4.424809759150796,-4.007756981081486,-3.654897462645535,-3.3475542588128846,-3.0736609999301123,-2.8250278437792753,-2.5958836138684487,-2.3820452525046023,-2.1804190295247565,-1.9886877910473095,-1.8051076066966898,-1.628371252018109,-1.4575137549338604,-1.2918449852202898,-1.1308998434441893,-0.974399927206373,-0.822222612209218,-0.6743748198841533,-0.5309696501766377,-0.3922047062305172,-0.2583414224321481,-0.12968508082319286,-0.0065654898695448605,0.11068148431954383,0.22173119697377697,0.3262858966299311,0.42408835787639676,0.5149330867445627,0.5986748037652201,0.675234038025128,0.744599812564287,0.8068295500180895,0.8620464618492614,0.9104347924157534,0.9522333625302037,0.9877278930129489,1.017242588489616,1.0411314304036363,1.0597695733029484,1.0735451683134307,1.0828518605403312,1.0880821300884373,1.0896215750155704,1.087844172599997,1.0831085048683744,1.0757548959981986,1.066103382466457,1.0544524204050285,1.041078226865405,1.0262346507639868,1.01015347339699,0.9930450459801325,0.9750991813293901,0.9564862274722048,0.9373582618440908,0.9178503552008517,0.8980818640777073,0.8781577193304686,0.8581696858985131,0.8381975754214994,0.8183103987681829,0.7985674499805677,0.779019316704833,0.7597088149848166,0.7406718484466103,0.7219381935102863,0.703532213423582,0.6854735047083255,0.6677774801177456,0.6504558924845526,0.6335173039486828,0.6169675050330417,0.6008098879207998,0.5850457781068495,0.5696747283711038,0.5546947787697318,0.540102686075249,0.5258941258275759,0.5120638698929285,0.49860594217080767,0.48551375484500314,0.4727802273444671,0.46039788996559095,0.448358973909174,0.43665548930331344,0.4252792926171649,0.41422214471930907,0.4034757606975853,0.3930318524337214,0.3828821648149574,0.37301850636515144,0.36343277498858817,0.3541169794399368,0.3450632570626775,0.336263888274944
1.9237657407335131,1.9244330192915906,1.917501101137408,1.9111869588609833,1.9080325939769405,1.909054849241357,1.914699623644909,1.925156896317406,1.940485945595607,1.9606703864340438,1.985643259717444,2.015297996687082,2.049492250816425,2.0880480032444293,2.1307497640807065,2.17734194911622,2.227526147655825,2.2809588114053128,2.3372497917489605,2.395962084853025,2.456613084192606,2.5186775731379196,2.581592608004461,2.644764341581621,2.7075767202710503,2.7694018603705244,2.8296117800085763,2.88759104450732,2.9427497872207367,2.99453650696602,3.0424500260166107,3.0860500237532325,3.124965639448327,3.1589017565824093,3.1876427289676204,3.2110534709382406,3.2290779940013796,3.2417356157904025,3.249115182132692,3.2513677220374606,3.2486979956984956,3.241355398912618,3.2296246588989055,3.2138167039134853,3.1942600207983403,3.1712927389789867,3.1452556036487653,3.1164859305540205,3.085312573734524,3.0520518878684872,3.017004629149186,2.9804537123910864,2.942662726085096,2.9038750997312395,2.86431381715724,2.8241815739148777,2.7836612846392605,2.7429168561121466,2.7020941526111977,2.6613220911372713,2.620713814712285,2.5803679017498444,2.5403695782990847,2.500791907649089,2.4616969383453737,2.4231367971593305,2.3851547180517016,2.3477860017879784,2.3110589037108493,2.2749954493654423,2.239612179314082,2.2049208256657784,2.1709289236680274,2.1376403622392917,2.105055877623231,2.073173494473408,2.041988918673331,2.0114958860968843,1.981686471346639,1.9525513602946694,1.92408009000974,1.8962612593993153,1.8690827136348385,1.8425317051714223,1.8165950339236974,1.7912591689217074,1.7665103535465954,1.7423346962368442,1.7187182483624728,1.6956470707869387,1.6731072904742716,1.6510851483514022,1.6295670395021473,1.608539546648839,1.5879894677692532,1.567903838599361,1.5482699506854938,1.529075365571909,1.5103079256405878,1.4919557620585444
0.24108205816267247,0.22892733130051224,0.23084752851711876,0.2372084873834963,0.24489921555182814,0.2526393961798885,0.25985488226974884,0.2662910771717415,0.2718515615416073,0.2765220246016087,0.28033136570250505,0.2833306707702168,0.28558142971229206,0.28714879774373947,0.28809772473133344,0.2884907654365416,0.2883868959703484,0.28784094021576623,0.2869033673407957,0.2856203134368769,0.2840337355002456,0.28218163987508715,0.28009834850442994,0.2778147798314041,0.2753587298775064,0.2727551446591019,0.2700263787767143,0.2671924374076834,0.2642712004886444,0.26127862887323994,0.25822895287841985,0.25513484401291886,0.25200757089648107,0.24885714048374263,0.24569242574001326,0.24252128090310143,0.23935064542322648,0.23618663761374104,0.23303463897686394,0.22989937009622852,0.22678495891528583,0.2236950021497961,0.2206326205150948,0.21760050838543743,0.21460097844381765,0.21163600182640618,0.20870724421608333,0.2058160982942734,0.20296371291921445,0.2001510193616065,0.1973787548950131,0.19464748400812548,0.1919576174787717,0.1893094295250537,0.18670307322702162,0.18413859439253355,0.18161594402324144,0.17913498952076534,0.17669552475884986,0.1742972791345453,0.17193992569997896,0.16962308846602858,0.16734634895999312,0.16510925211108918,0.16291131153021132,0.16075201424371877,0.1586308249350712,0.15654718974275939,0.15450053965817934,0.1524902935627761,0.1505158609398891,0.1485766442932639,0.1466720413010344,0.14480144673117223,0.14296425414185576,0.14115985738792414,0.13938765195252312,0.13764703612120177,0.13593741201403609,0.13425818648986565,0.13260877193535514,0.13098858695037807,0.12939705694011544,0.1278336146232532,0.12629770046477706,0.12478876304103581,0.1233062593440189,0.12184965503112088,0.12041842462607644,0.11901205167619089,0.11763002887051688,0.11627185812316804,0.1149370506255688,0.11362512687107074,0.11233561665503661,0.1110680590531945,0.10982200238079615,0.10859700413486495,0.10739263092160095,0.10620845837080595
-4.788478577663754,-3.058779553091458,-2.283905749107755,-1.8345491453352283,-1.54478361450705,-1.3482881456642466,-1.2124358939525943,-1.1189945202001685,-1.0568484466474546,-1.018772132274119,-0.9998263353863146,-0.9964897123231,-1.006155924812553,-1.0268261548155126,-1.0569124854641163,-1.0951074411644488,-1.1402948281659193,-1.1914874793462977,-1.247783286277119,-1.3083342174300332,-1.3723249778157383,-1.4389591374235766,-1.507451256001453,-1.577023937474448,-1.646908965015827,-1.7163517657318188,-1.7846184796264415,-1.8510048966562853,-1.9148465062637523,-1.9755288975568819,-2.032497770864817,-2.085267881677998,-2.133430337989159,-2.1766578071773433,-2.2147073487033677,-2.2474207602090184,-2.274722491922841,-2.2966153332812773,-2.3131741949748177,-2.3245383920222196,-2.3309028764489645,-2.3325088735834627,-2.329634349270805,-2.322584684079815,-2.311683863424756,-2.2972664177925797,-2.2796702722164097,-2.259230594406767,-2.2362746703798084,-2.211117787118668,-2.1840600644139094,-2.155384152075643,-2.1253536929610997,-2.0942124450618156,-2.0621839554353323,-2.0294716832846076,-1.9962594773952524,-1.9627123230927297,-1.9289772848037097,-1.8951845813850305,-1.861448742042913,-1.8278698005248393,-1.7945344941076078,-1.7615174416286956,-1.7288822814036806,-1.6966827553889823,-1.6649637304726925,-1.6337621514132585,-1.60310792281042,-1.573024719698531,-1.5435307280064612,-1.5146393173281487,-1.486359649280137,-1.4586972252618544,-1.431654377744622,-1.4052307093496015,-1.3794234839768176,-1.3542279741525833,-1.329637768599555,-1.3056450438246452,-1.282240803282678,-1.2594150874212657,-1.2371571576550235,-1.2154556570622745,-1.1942987503500495,-1.1736742453971634,-1.1535696984625947,-1.1339725049388556,-1.1148699773379203,-1.0962494120207595,-1.0780981460202796,-1.0604036051607915,-1.043153344544408,-1.026335082354984,-1.009936727822499,-0.9939464040941998,-0.9783524666723642,-0.9631435180013925,-0.9483084187181411,-0.9338362960182275
-8.776048281529832,-5.964232972185857,-4.763557493202598,-4.071305208046335,-3.6119971723942768,-3.280601450945986,-3.027595270014348,-2.8263512324493743,-2.6612013499659763,-2.5222963166315813,-2.4031223765974996,-2.2991945504575533,-2.2073214805255006,-2.1251691132500476,-2.050990109255304,-1.9834497495198908,-1.9215103742651094,-1.8643525873048197,-1.8113202593720503,-1.7618813468266792,-1.7155994659508105,-1.6721129332076607,-1.6311190836612384,-1.5923623827078024,-1.5556253047867286,-1.52072125784645,-1.487489039075181,-1.4557884498119837,-1.4254967971376264,-1.3965060802533487,-1.3687207104617884,-1.3420556504091272,-1.3164348853138776,-1.2917901589935157,-1.2680599225470781,-1.245188454924047,-1.2231251232759257,-1.2018237576423214,-1.1812421196719813,-1.1613414490896696,-1.142086074763983,-1.1234430797115087,-1.1053820113406623,-1.0878746298087045,-1.0708946886247515,-1.054417742646739,-1.0384209794425285,-1.0228830706543723,-1.007784040552735,-0.9931051494142258,-0.9788287897281883,-0.964938393542423,-0.951418349512559,-0.9382539284312986,-0.9254312161908524,-0.9129370532804545,-0.9007589800459821,-0.8888851870443751,-0.8773044699150857,-0.8660061882668992,-0.8549802281433108,-0.8442169676850964,-0.8337072456562384,-0.8234423325402025,-0.8134139039487871,-0.8036140161161556,-0.7940350832770304,-0.7846698567508956,-0.7755114055739724,-0.7665530985381186,-0.7577885875109805,-0.7492117919250735,-0.7408168843351495,-0.7325982769535248,-0.7245506090821301,-0.7166687353680804,-0.7089477148166828,-0.7013828005021278,-0.6939694299217181,-0.6867032159445176,-0.6795799383097573,-0.6725955356343469,-0.6657460978924258,-0.6590278593330945,-0.6524371918053736,-0.6459705984620334,-0.6396247078162894,-0.6333962681274852,-0.6272821420938031,-0.6212793018317839,-0.6153848241240202,-0.6095958859178202,-0.603909760058952,-0.5983238112457635,-0.5928354921900667,-0.5874423399721641,-0.5821419725783082,-0.5769320856097171,-0.571810449153029,-0.5667749048027899
4.6301757418894285,4.16275186274539,3.8504814126096187,3.598410972040269,3.379348530851651,3.1813923505429127,2.9980947750913085,2.8254811495541565,2.6608850658472347,2.5024132372926426,2.3486703664704383,2.1986056554986626,2.051421826679131,1.9065186610273681,1.7634566555199895,1.6219328447782493,1.481764100417978,1.3428749748154667,1.205288148192697,1.0691161326252583,0.9345532702089367,0.8018673352039092,0.6713902666071112,0.5435077481251342,0.4186475312518074,0.29726656807544893,0.17983718039136676,0.06683263286523888,-0.04128740973640621,-0.14409098794038333,-0.24118693577010597,-0.33223639590208554,-0.4169622787493177,-0.49515629702884856,-0.566683351823023,-0.6314832054029389,-0.6895695340297607,-0.7410265956322548,-0.7860038607905899,-0.8247090332737095,-0.8573999256973797,-0.8843756583730333,-0.9059676203332463,-0.9225305783701072,-0.9344342511960879,-0.9420555898164693,-0.9457719290886142,-0.9459551048334425,-0.9429665695597691,-0.9371534899473262,-0.9288457713314939,-0.9183539280478352,-0.9059677023814972,-0.8919553273581406,-0.8765633278914207,-0.8600167590964933,-0.8425197882945021,-0.8242565370207819,-0.8053921101302639,-0.7860737500509347,-0.7664320647899785,-0.7465822880655784,-0.7266255386990015,-0.7066500540559943,-0.6867323788616941,-0.6669384961768652,-0.6473248918004004,-0.6279395469592559,-0.6088228569757257,-0.5900084757760331,-0.571524087730283,-0.5533921094889269,-0.5356303252911434,-0.5182524597404641,-0.5012686923357812,-0.48468611816462914,-0.46850915915369784,-0.45273993016436775,-0.43737856404686615,-0.4224234995477104,-0.40787173571883495,-0.39371905621636427,-0.3799602266124037,-0.3665891675817422,-0.3535991065721191,-0.34098271032537586,-0.32873220038943385,-0.31683945354914855,-0.3052960889080002,-0.2940935431724844,-0.28322313552652734,-0.27267612333362923,-0.2624437497689789,-0.25251728436154197,-0.2428880573161537,-0.23354748838699457,-0.22448711098549956,-0.21569859212685116,-0.20717374874885408,-0.1989045608743376
-9.67489942264948,-6.412786076618822,-4.887769394939994,-3.9377872735402764,-3.2638128860361406,-2.7485781269907874,-2.3352673799035273,-1.9925344639205647,-1.7014934815000538,-1.4500252307260304,-1.2299816360266873,-1.0356893148287232,-0.8630922939480694,-0.709232853127113,-0.5719219491273857,-0.4495210873875446,-0.3407923284444192,-0.2447913551904759,-0.16078856717714052,-0.08820894347491226,-0.02658487171511803,0.0244817165994764,0.06535019681682508,0.09636649023045285,0.11788351367660344,0.13027729407248367,0.13395898858856103,0.12938295327198945,0.11705099286759602,0.09751297838407735,0.07136411397581921,0.03923924883958496,0.0018047421456703905,-0.040251518727421054,-0.08623128817640269,-0.13543764630169264,-0.1871865513208768,-0.24081768473519038,-0.29570411570479416,-0.35126043422075015,-0.4069491341007927,-0.4622851546366482,-0.5168386040376012,-0.5702357817511832,-0.6221586866123765,-0.6723432428737779,-0.7205764982048234,-0.7666930500877717,-0.8105709439572037,-0.8521272624455477,-0.8913135944622879,-0.9281115392068214,-0.9625283664912836,-0.9945929230305136,-1.0243518460032541,-1.0518661209358924,-1.077208001049573,-1.1004582895289925,-1.1217039743677577,-1.1410361970383864,-1.158548530686332,-1.1743355403173157,-1.1884915960317746,-1.2011099103114666,-1.2122817712991336,-1.2220959456176705,-1.2306382262990117,-1.2379911036404563,-1.2442335391317685,-1.2494408248951525,-1.2536845132800274,-1.2570324033089477,-1.2595485725534248,-1.2612934447166269,-1.2623238847123588,-1.262693314362001,-1.262451842993411,-1.261646408231413,-1.2603209231327683,-1.2585164265545097,-1.2562712342677407,-1.2536210888534645,-1.2505993068555603,-1.2472369220304922,-1.2435628238342313,-1.2396038905336646,-1.235385116530627,-1.2309297336488927,-1.2262593262641943,-1.2213939402599803,-1.216352185871751,-1.211151334544358,-1.2058074099728864,-1.2003352735314985,-1.1947487043181992,-1.1890604740588977,-1.183282417122978,-1.177425495906261,-1.1714998618368102,-1.1655149122554722
2.281033593726754,2.132043513577325,2.0058033780413558,1.8944041791293698,1.7942066180388951,1.7030513368384272,1.61948051173946,1.5424298633544389,1.4710808389823813,1.4047801747284712,1.3429920514977005,1.285267678750435,1.2312249291422417,1.1805341237847067,1.1329077656819933,1.088092909503366,1.0458653510731588,1.0060251090016015,0.9683928466308462,0.9328069931445455,0.8991213945284834,0.8672033729539261,0.8369321058281372,0.8081972585194775,0.7808978209226652,0.7549411096950349,0.7302419065469504,0.706721709328573,0.6843080774453374,0.6629340567865117,0.6425376721669018,0.6230614774754875,0.6044521554508233,0.5866601603736545,0.5696393980651233,0.5533469384656369,0.537742756791163,0.5227894998554063,0.5084522746348012,0.4946984565591574,0.48149751535018265,0.4688208565154932,0.4566416768470782,0.44493483247828897,0.433676718228641,0.4228451571160254,0.4124192990454688,0.40237952779564884,0.3927073755217065,0.3833854440777311,0.37439733253647633,0.3657275703489486,0.35736155564376476,0.3492854982167,0.34148636680552563,0.33395184028486785,0.326670262451039,0.3196306000981545,0.3128224041148578,0.3062357733560054,0.2998613210661028,0.2936901436514098,0.287713791615732,0.28192424249121,0.276313875610105,0.2708754485768464,0.265602075311604,0.2604872055474943,0.25552460567338353,0.2507083408231715,0.24603275812055958,0.24149247099568028,0.2370823444966858,0.232797481525518,0.2286332099326578,0.22458507041076126,0.22064880513174362,0.2168203470761333,0.2130958100074279,0.20947147904774388,0.20594380181434718,0.20250938007964958,0.19916496192001104,0.1959074343212483,0.19273381621105762,0.18964125189072878,0.18662700484049488,0.18368845187468852,0.18082307762455713,0.1780284693281376,0.17530231190802736,0.1726423833192105,0.1700465501503151,0.1675127634628213,0.16503905485377085,0.16262353272851476,0.16026437877091976,0.15795984459929585,0.15570824859707588,0.1535079729079954
1.0697279169101677,-0.40864169424996266,-1.044356071725418,-1.412474824256022,-1.657537675249686,-1.8348057831290157,-1.9703023460726619,-2.077927996364119,-2.1657501491483124,-2.2387216800215217,-2.2999987761795735,-2.351637254632189,-2.394986492280039,-2.430925358042049,-2.4600108087619112,-2.4825759928772615,-2.4987980912717047,-2.5087474715134386,-2.5124249872116797,-2.5097915279489156,-2.5007922888307,-2.4853772070332205,-2.4635183549873583,-2.4352246508099884,-2.4005539724391434,-2.3596226015978337,-2.312611853049843,-2.259771747128421,-2.201421644971779,-2.1379478713760536,-2.06979848302034,-1.9974754819615255,-1.9215249075985397,-1.8425253484323585,-1.761075485288101,-1.677781302812058,-1.5932435845139354,-1.5080462425934364,-1.4227459360998673,-1.337863311416405,-1.2538760704822651,-1.1712139466687495,-1.0902555557738718,-1.0113269971835404,-0.9347020116208574,-0.860603457827804,-0.7892058493343725,-0.7206386908336925,-0.6549903673491062,-0.5923123638546727,-0.5326236240585551,-0.47591489103517415,-0.4221529064110895,-0.3712843767798708,-0.32323964458851384,-0.2779360251740283,-0.2352807916966066,-0.19517380553370306,-0.1575098016196638,-0.12218034672350536,-0.08907549429392442,-0.0580851628070882,-0.029100266034838285,-0.00201362375791056,0.023279319436067453,0.04687994119081851,0.06888603016126643,0.08939149465314752,0.10848617153545781,0.12625571811041744,0.1427815718013734,0.1581409645520997,0.17240698069431776,0.1856486487215245,0.1979310589044876,0.20931550000249793,0.2198596094746798,0.2296175325903687,0.23864008669110764,0.24697492758396272,0.2546667156612047,0.26175727985869335,0.2682857779974256,0.2742888524113286,0.2798007800600149,0.2848536165672009,0.2894773338220281,0.2936999509387698,0.29754765849655757,0.3010449360801227,0.3042146632197162,0.3070782238871796,0.3096556047489051,0.31196548740790214,0.3140253348886982,0.3158514726323071,0.31745916427560034,0.31886268249147115,0.32007537516429374,0.32110972717026054
-1.9456753313053554,-1.8543584822078303,-1.7665869981622582,-1.6835394567528381,-1.605323197062313,-1.531765311760815,-1.4626065506724508,-1.397565889388075,-1.3363652660393812,-1.2787394899364284,-1.224439965126324,-1.173235657242865,-1.1249127976627016,-1.0792740196333166,-1.0361372633214756,-0.9953346168204967,-0.9567111758100828,-0.9201239613728578,-0.8854409129390108,-0.8525399615144189,-0.8213081822297802,-0.7916410222102892,-0.7634415984048795,-0.7366200595642926,-0.7110930065930873,-0.6867829657841864,-0.6636179098424996,-0.6415308220424357,-0.6204592993024578,-0.6003451903773237,-0.5811342657553688,-0.562775916200502,-0.5452228771963221,-0.528430976834465,-0.5123589049435291,-0.4969680014814243,-0.48222206241564036,-0.4680871614953988,-0.4545314864794587,-0.4415251885257317,-0.4290402435758541,-0.4170503246812346,-0.4055306843184386,-0.3944580458324534,-0.38381050322765237,-0.3735674285991509,-0.3637093865627329,-0.35421805510038634,-0.34507615229148386,-0.3362673684474061,-0.3277763032104738,-0.3195884072169826,-0.31168992795927936,-0.30406785951365484,-0.29670989582963364,-0.28960438730236787,-0.2827403003735313,-0.27610717992762407,-0.2696951142701492,-0.26349470249189577,-0.25749702403974134,-0.2516936103291221,-0.24607641824674514,-0.2406378054043617,-0.2353705070156028,-0.23026761427808107,-0.2253225541522938,-0.2205290704373895,-0.2158812060516725,-0.21137328643285636,-0.2069999039796403,-0.2027559034621682,-0.19863636833444948,-0.19463660788687126,-0.19075214518156536,-0.18697870571767217,-0.18331220677744992,-0.17974874740779434,-0.1762845989950515,-0.17291619639405886,-0.169640129575176,-0.1664531357556549,-0.1633520919840979,-0.16033400814896687,-0.15739602038413797,-0.15453538484639462,-0.15174947184148357,-0.1490357602769773,-0.14639183242167425,-0.1438153689526484,-0.14130414427234067,-0.1388560220792665,-0.1364689511770117,-0.1341409615072096,-0.13187016039313287,-0.12965472898141533,-0.12749291887022962,-0.12538304891300445,-0.12332350218746863,-0.12131272312046465
3.2366948258227977,2.937371640840111,2.7702536729413154,2.6506570400744356,2.5558486636813993,2.476464770505316,2.4077153243244354,2.346800074125894,2.2919272074843797,2.241873543384167,2.195762851695768,2.1529437953448713,2.1129179196359886,2.075294745214362,2.0397624619307413,2.006068067970981,1.974003476053601,1.9433955286746492,1.914098655491694,1.8859893656423434,1.858962044944966,1.8329257005333253,1.8078014061119492,1.783520273782635,1.7600218273679986,1.7372526858176065,1.7151654888572483,1.6937180138398404,1.6728724449143277,1.6525947645550287,1.632854244133454,1.6136230152127837,1.5948757070492592,1.5765891387092745,1.5587420564802323,1.541314909029146,1.524289654163737,1.5076495921636937,1.491379221539927,1.4754641137960867,1.4598908043465335,1.4446466972169376,1.4297199815396726,1.4150995581733588,1.400774975037669,1.3867363699714086,1.3729744201022975,1.3594802968674855,1.3462456259499895,1.3332624515022395,1.3205232041172614,1.3080206720835512,1.295747975523696,1.2836985430711862,1.2718660907862165,1.2602446030508214,1.2488283152175734,1.2376116978151168,1.2265894421387766,1.215756447076005,1.2051078070349779,1.1946388008607185,1.184344881637025,1.1742216672845613,1.1642649318759553,1.154470597597899,1.1448347272982193,1.135353517562859,1.1260232922738116,1.1168404966044032,1.1078016914130155,1.0989035480004756,1.0901428431999818,1.0815164547716438,1.0730213570765637,1.0646546170078803,1.0564133901584478,1.0482949172067781,1.0402965205046404,1.032415600851284,1.0246496344406282,1.0169961699690249,1.0094528258923041,1.0020172878218117,0.994687306050045,0.9874606931972943,0.9803353219714178,0.9733091230335338,0.9663800829629938,0.9595462423155403,0.9528056937690171,0.9461565803514542,0.9395970937467231,0.933125472673333,0.9267400013322511,0.9204390079199354,0.9142208632030369,0.9080839791514682,0.9020268076267757,0.8960478391229423
3.6606168601221434,1.998426199079192,1.2779539501565176,0.8749166130616097,0.6256819963474226,0.46526724349604237,0.36192678214943347,0.29805254484394206,0.2629932946274883,0.24988121472382682,0.2540600749495124,0.2722371664161571,0.3019940142195959,0.34148834969507774,0.3892642725364846,0.4441267795339815,0.5050563551918319,0.5711495879686106,0.6415774364031682,0.7155560098865319,0.7923266361066605,0.8711431263297884,0.9512648272781802,1.031954438336721,1.1124797792979881,1.1921187836732088,1.2701670123340398,1.3459469669557218,1.4188184599702693,1.4881892889758763,1.5535254841554451,1.6143604560208953,1.6703024696201698,1.7210400055337631,1.7663447273696438,1.8060719461936714,1.8401586391633038,1.8686192282493335,1.8915394439141413,1.9090686807484414,1.9214112948273536,1.9288172978067173,1.9315728759192914,1.9299911106832401,1.9244032108775375,1.9151504905213796,1.9025772524709164,1.8870246674549596,1.86882567774596,1.8483009053139074,1.8257555068818647,1.8014768923148907,1.7757332069965845,1.7487724716228688,1.7208222723618232,1.6920898988278847,1.6627628352093247,1.6330095198256376,1.6029802993010585,1.5728085146087294,1.542611666889583,1.5124926208013088,1.4825408119863717,1.4528334329650527,1.4234365783492333,1.394406335783944,1.365789813542584,1.3376260993345723,1.309947147745167,1.2827785959296125,1.2561405088349045,1.2300480564197018,1.204512126172793,1.1795398747678427,1.1551352230004284,1.1312992982858927,1.108030828996895,1.0853264948233199,1.0631812371728342,1.0415885334202226,1.0205406385752378,1.0000287976853426,0.9800434320314972,0.9605743019193836,0.9416106486203988,0.923141317780063,0.9051548663883437,0.8876396551982985,0.8705839282868285,0.8539758812743505,0.837803719558525,0.8220557077701196,0.8067202115260085,0.7917857324341896,0.7772409371977007,0.7630746815674363,0.7492760298071854,0.7358342702567873,0.7227389275103222,0.7099797716648498
3.6611303140638034,3.3087526333867743,3.06589954272736,2.8797625019727047,2.729341690290625,2.603703702769215,2.4963077036748738,2.402888650581398,2.320496757721002,2.2470025330013232,2.1808176734302465,2.120726694150481,2.0657798825831457,2.015222320207896,1.9684451729321404,1.924951292551322,1.8843303299247471,1.8462403535344383,1.8103940282396347,1.7765480598345658,1.7444950227070444,1.7140569555056968,1.6850802879117472,1.6574317828269787,1.6309952623472683,1.6056689451989796,1.5813632658215684,1.5579990761809794,1.535506154157032,1.5138219593102789,1.4928905896149733,1.4726619024728254,1.4530907707956076,1.434136450735501,1.4157620421650765,1.3979340265678513,1.3806218698202315,1.363797679594331,1.3474359089151395,1.3315130988609254,1.3160076545761603,1.3008996497284029,1.2861706553284626,1.2718035894812303,1.2577825851698345,1.2440928736196222,1.2307206811578912,1.2176531377938644,1.2048781960020025,1.1923845584091715,1.1801616132695674,1.1681993767663819,1.1564884413107646,1.1450199291205039,1.1337854504562697,1.122777065974786,1.1119872527281855,1.1014088733987992,1.091035148410271,1.0808596306004472,1.070876182179975,1.0610789537339054,1.0514623650525179,1.0420210876027511,1.0327500284735256,1.0236443156473696,1.0146992844674696,1.005910465183889,0.9972735714755541,0.9887844898558468,0.9804392698795944,0.9722341150779628,0.9641653745554883,0.9562295351902907,0.9484232143845583,0.9407431533177286,0.9331862106595588,0.9257493567044808,0.9184296678924115,0.9112243216845284,0.904130591765516,0.897145843546457,0.8902675299449418,0.883493187421101,0.8768204322501962,0.8702469570141371,0.8637705272958262,0.857388978561655,0.8511002132187204,0.8449021978344746,0.8387929605075475,0.8327705883794165,0.826833225277436,0.8209790694805026,0.8152063715993345,0.8095134325639621,0.8038986017116123,0.7983602749686807,0.7928968931209716,0.7875069401668162
182.86336281821468,100.40232830852092,70.88647899685202,55.501756373385994,45.9928669484424,39.50544130357814,34.78313237303653,31.184275805517643,28.345954170035633,26.046975768285513,24.1445720867394,22.54230170480884,21.172555105643657,19.98644840842638,18.947700808656002,18.028775197157785,17.20836238648331,16.46969356879865,15.799380150372658,15.186598989902448,14.62250946393653,14.099829445305382,13.612522169333356,13.155561603162464,12.724754006649375,12.31660001768417,11.92818608561346,11.55709719056044,11.201345004619615,10.859307273381884,10.52967541066348,10.2114082223057,9.90369037854716,9.605894783700421,9.317548376278884,9.038301154336459,8.767898378862927,8.506155981627446,8.252939212377969,8.00814452333996,7.7716846250574,7.543476573105789,7.323432673196233,7.1114539320409635,6.907425738616696,6.711215437272396,6.522671449875319,6.341623616352057,6.167884447944507,6.0012510212635455,5.8415072799396475,5.688426551003751,5.541774122441913,5.401309764757937,5.266790111651321,5.137970842471578,5.014608631809341,4.896462849630803,4.783297009174917,4.674879969953025,4.570986910204353,4.471400087647187,4.375909409861098,4.284312836615248,4.1964166363263855,4.112035517921293,4.030992657959616,3.9531196411517544,3.878256330539866,3.806250681712326,3.736958513573333,3.6702432464430776,3.6059756166523003,3.544033375335448,3.484300977824658,3.426669268900565,3.371035168158344,3.317301358887837,3.2653759831331195,3.2151723449763554,3.16660862357042,3.1196075970121453,3.074096377791549,3.0300061602613853,2.9872719803362577,2.945832487442863,2.905629728595134,2.8666089443535916,2.82871837634158,2.791909085927187,2.7561347836346055,2.7213516688188353,2.6875182791201055,2.6545953492066263,2.62254567831428,2.5913340060979246,2.5609268963195557,2.531292627912684,2.5024010929788503,2.4742237012904678
-180.0390948235124,-96.8623610889983,-67.01536976963995,-51.416615910333455,-41.747816944000206,-35.131263929107966,-30.29985934408527,-26.606350280138923,-23.68472153486883,-21.31203203651995,-19.344559662522396,-17.685411209348526,-16.2668579473047,-15.04012451798865,-13.969196523163722,-13.026910915562725,-12.192401191899197,-11.44937723802841,-10.784936256264436,-10.188721328891827,-9.652313369132097,-9.168783420515464,-8.732357539084532,-8.338162398101623,-7.982029989799393,-7.660346506914836,-7.369934945169213,-7.107963957490437,-6.871877502706501,-6.659341184001706,-6.468202078917611,-6.296459470771589,-6.1422443059647795,-6.003805498024781,-5.879501430558409,-5.767795213264083,-5.667252439213997,-5.576540387786554,-5.49442781732799,-5.419784690510954,-5.351581366064945,-5.2888869650291745,-5.2308667709836,-5.1767786471362225,-5.125968546653731,-5.077865256775883,-5.031974554724175,-4.987872968319493,-4.945201331418479,-4.9036583087356895,-4.862994040947879,-4.823004033117798,-4.783523380548355,-4.744421398462873,-4.70559669690836,-4.666972720845251,-4.628493757854574,-4.590121402222613,-4.551831454067154,-4.513611225215817,-4.475457219238754,-4.437373150869798,-4.399368269545917,-4.361455952530241,-4.323652534696184,-4.285976344240578,-4.248446916124359,-4.211084357727202,-4.173908843911357,-4.1369402213230915,-4.100197704252266,-4.063699646681006,-4.027463377259516,-3.9915050858428813,-3.955839751909089,-3.9204811066643885,-3.885441621940103,-3.850732520110828,-3.8163638002337867,-3.7823442764397712,-3.748681625313522,-3.7153824396009125,-3.6824522860857996,-3.649895765903695,-3.6177165759138257,-3.5859175700459605,-3.5545008197821883,-3.523467673134787,-3.492818811645765,-3.4625543050676324,-3.43267366349336,-3.4031758867904696,-3.3740595112635203,-3.345322653523845,-3.316963051587843,-3.2889781032577043,-3.261364901862797,-3.2341202694577547,-3.2072407875857274,-3.1807228257233646
-166.17665863604674,-86.59858828074442,-58.64363785669315,-44.326645064127824,-35.62683692931089,-29.789593456919416,-25.610561763965197,-22.478778906403733,-20.0510638372936,-18.119721694286834,-16.551657772383518,-15.2576229907673,-14.175511688945027,-13.260747521673794,-12.48047826651455,-11.809927325724397,-11.230021419187068,-10.72580251278022,-10.285337783377345,-9.89895519882517,-9.558697605948128,-9.25792695413899,-8.991033912556759,-8.75322291262649,-8.54035208130788,-8.348813666296396,-8.175444612156081,-8.017459675766748,-7.872401342376897,-7.738102123497825,-7.612655782530545,-7.494394772015963,-7.381871759659202,-7.27384361832101,-7.16925668503359,-7.067232467814877,-6.9670532995829415,-6.868147704439991,-6.770075450886526,-6.672512418672689,-6.57523550341374,-6.478107831315642,-6.381064563470442,-6.284099544864218,-6.18725300761001,-6.090600480498589,-5.994242995903756,-5.898298626717951,-5.802895334700119,-5.708165069921202,-5.614239029865432,-5.521243965969588,-5.429299413930924,-5.338515720494659,-5.248992741966088,-5.160819096721944,-5.074071864016915,-4.988816633118702,-4.905107819239831,-4.82298917509899,-4.742494438699234,-4.663648068706138,-4.5864660284521275,-4.5109565880057865,-4.437121120933997,-4.364954878413467,-4.2944477283151405,-4.2255848509063565,-4.158347386014594,-4.09271302899345,-4.028656574739764,-3.966150410432978,-3.9051649586949075,-3.845669073578619,-3.7876303922558288,-3.7310156455390997,-3.6757909304941205,-3.6219219484060967,-3.5693742112928977,-3.518113220029992,-3.468104616987139,-3.4193143158887978,-3.371708611410166,-3.325254270817034,-3.2799186097560025,-3.2356695541066225,-3.192475689621096,-3.1503063009026477,-3.1091314011111275,-3.0689217536345472,-3.0296488868279976,-2.9912851027963585,-2.953803481084044,-2.9171778780328994,-2.8813829224776675,-2.84639400836631,-2.8121872848191956,-2.7787396440759204,-2.74602870772058,-2.7140328115250103
-173.73073048490454,-92.00954220004559,-62.97640690925788,-47.96001744044734,-38.75113848145277,-32.51712808243119,-28.0140242385013,-24.60809534133283,-21.94193036472075,-19.79839467501909,-18.03785112393254,-16.566367127812576,-15.318405389328447,-14.246836559262437,-13.316895011429907,-12.50237191806105,-11.78313470273627,-11.143462828899445,-10.570902524060806,-10.055460829051851,-9.589027112085713,-9.164950464814007,-8.77772605253279,-8.422758981074304,-8.096184205553397,-7.7947275502575,-7.515597290684133,-7.256398734233076,-7.015066303011918,-6.789809074393081,-6.579066769128543,-6.381473922595021,-6.195830518823275,-6.021077768221204,-5.856278008824989,-5.700597935714111,-5.553294533785541,-5.413703219566821,-5.2812277983556815,-5.155331921119278,-5.035531786707419,-4.921389883055285,-4.812509599173744,-4.70853057010558,-4.609124641372546,-4.5139923590533355,-4.422859907516699,-4.335476429758655,-4.251611675858356,-4.17105393374243,-4.093608203600677,-4.019094583218069,-3.9473468364096838,-3.87821112085086,-3.811544855031906,-3.7472157069539738,-3.685100689615995,-3.625085350399946,-3.5670630432063737,-3.5109342736760465,-3.456606109099339,-3.403991645697503,-3.3530095268882842,-3.3035835069465302,-3.2556420551582193,-3.209117996160652,-3.163948182676073,-3.1200731972925633,-3.077437080334422,-3.035987081202759,-2.995673430862606,-2.9564491334115663,-2.918269774891796,-2.881093347706304,-2.8448800891758745,-2.8095923329274166,-2.7751943719409895,-2.7416523322034707,-2.708934056023679,-2.677008994158728,-2.645848105985606,-2.6154237670270795,-2.5857096832078796,-2.556680811276814,-2.5283132848838386,-2.5005843458488672,-2.4734722802019053,-2.4469563586125167,-2.4210167808611405,-2.3956346240358224,-2.370791794165919,-2.346470981029526,-2.322655615894178,-2.2993298319709328,-2.2764784273805936,-2.2540868304476813,-2.2321410671530684,-2.210627730590083,-2.1895339522814945,-2.1688473752262842
162.43551881530388,84.11456817640011,56.64393616418677,42.56558341266612,33.98925093511436,28.20969945232181,24.045700811884192,20.8986547696452,18.43262955036213,16.44449361095711,14.804202579362169,13.42466455232808,12.245389833048234,11.223088976431633,10.326002089872635,9.530339184332389,8.81796835073517,8.174869453243396,7.590072649048056,7.054912501056454,6.5624924453577105,6.10729237429976,5.684875350956574,5.291664101607038,4.924767376919924,4.581842515224274,4.260984757096703,3.9606367587092466,3.6795137679795156,3.4165413356684895,3.170803408458015,2.9414993094005313,2.727908534949736,2.5293625486288844,2.3452228785550635,2.174864870576464,2.0176664451060775,1.8730011818114725,1.7402350333815164,1.6187259619834875,1.5078258074974396,1.4068837371559964,1.3152506893286384,1.2322843043967096,1.1573539260295203,1.0898453495883378,1.0291650845560474,0.974743979914944,0.9260401320118161,0.8825410519947909,0.8437651140883311,0.8092623375457983,0.7786145755354932,0.7514351953073595,0.7273683377030173,0.7060878422874572,0.6872959187768948,0.6707216374315541,0.6561193018099698,0.6432667576048008,0.631963681816976,0.6220298876877219,0.613303672843537,0.6056402311389042,0.5989101427350605,0.5929979519972344,0.5878008387545794,0.5832273852511389,0.5791964386176587,0.575636066807429,0.5724826045638085,0.5696797850309812,0.5671779520009024,0.5649333474375573,0.5629074687746105,0.5610664904937495,0.55938074461764,0.5578242549598285,0.5563743202377063,0.555011141452969,0.5537174892607142,0.5524784073713793,0.5512809483500423,0.5501139384887603,0.5489677687252275,0.5478342088619872,0.5467062426033089,0.5455779211705245,0.5444442334812369,0.5433009910835593,0.5421447262241386,0.5409726015991101,0.5397823304913205,0.5385721061362956,0.537340539284695,0.5360866030414513,0.5348095841626463,0.5335090400814262,0.5321847610149009,0.5308367365759861
-182.47060100669222,-98.50343264930764,-68.27181308485515,-52.435937869065384,-42.60376905215347,-35.86698546204154,-30.943107649464032,-27.176176514289654,-24.194828042842545,-21.772631244587714,-19.763479436188277,-18.068789456339672,-16.619598772154703,-15.366208773999015,-14.271899681200418,-13.308959845378,-12.456089471369923,-11.696651580634978,-11.017462374008197,-10.407934864788817,-9.859459801271683,-9.364949693641066,-8.918497404677684,-8.515116909547139,-8.150544224151279,-7.821083317325083,-7.523486354526987,-7.254860661934721,-7.012596848371985,-6.794313901322951,-6.597817998879605,-6.421072401602627,-6.26217621331371,-6.1193501040462985,-5.99092732564745,-5.875348557033458,-5.7711593136563994,-5.677008854620932,-5.591649722709132,-5.513937253128366,-5.4428285788258215,-5.377380835741808,-5.316748423522909,-5.260179301318145,-5.207010392340793,-5.156662235479798,-5.108633060081101,-5.0624924752242135,-5.017874962262261,-4.9744733440566975,-4.932032380837646,-4.890342614904482,-4.849234557573899,-4.808573284167892,-4.7682534779196235,-4.7281949423132446,-4.6883385839016505,-4.648642854026991,-4.609080627816576,-4.569636491910893,-4.530304408104514,-4.4910857179401065,-4.451987452815532,-4.413020914919982,-4.374200495945289,-4.335542702724426,-4.297065361493343,-4.258786975171877,-4.220726210778611,-4.182901496736685,-4.145330712327556,-4.108030953867063,-4.071018364291311,-4.0343080147410335,-3.9979138284242586,-3.9618485385271045,-3.9261236732443168,-3.890749562130179,-3.855735358943271,-3.821089076991712,-3.786817633695371,-3.752926901683012,-3.719421764249731,-3.6863061734259803,-3.653583209265367,-3.6212551392545294,-3.5893234769934237,-3.5577890394963583,-3.5266520026295254,-3.495911954335628,-3.465567945405372,-3.4356185376433124,-3.4060618493454733,-3.3768955980613478,-3.3481171406558645,-3.319723510719944,-3.2917114534030536,-3.264077457759389,-3.236817786712063,-3.209928504748142
-173.15609926180505,-91.71574937063876,-62.85709914197326,-47.96226359150835,-38.84291726893831,-32.6770876436201,-28.227055186821254,-24.863064818192246,-22.230390826965568,-20.113791029220668,-18.375006237510945,-16.92113347688485,-15.687421087224473,-14.627349718684837,-13.706634373803107,-12.899449701880675,-12.185972428664698,-11.550733868834607,-10.981487040872882,-10.46841004034915,-10.003534667478995,-9.580329317083592,-9.19338961869454,-8.838205686537975,-8.51098472031331,-8.20851418481313,-7.92805513765976,-7.667258230772627,-7.424096956854986,-7.196814148663373,-6.983878761274932,-6.783950704506441,-6.595852030006957,-6.418543173653822,-6.251103248826659,-6.092713607836198,-5.94264405691362,-5.800241238732054,-5.664918795515915,-5.53614900272217,-5.413455623421261,-5.296407780837386,-5.184614683990107,-5.077721071237757,-4.975403260442419,-4.8773657137404065,-4.783338040496395,-4.693072374704082,-4.606341073462157,-4.522934691663154,-4.442660195046326,-4.365339379570742,-4.290807469887822,-4.2189118737149105,-4.1495110722779875,-4.082473629818879,-4.017677307544691,-3.9550082694108615,-3.894360368836704,-3.835634506904223,-3.778738053829209,-3.723584326552544,-3.6700921162074716,-3.61818525999907,-3.5677922527047006,-3.5188458935851257,-3.4712829649989922,-3.4250439394498753,-3.38007271217461,-3.3363163567124907,-3.2937249011837535,-3.252251123258552,-3.21185036201924,-3.1724803451133936,-3.1341010297663137,-3.0966744563726842,-3.0601646135204326,-3.024537313417692,-2.9897600767982837,-2.955802026473817,-2.92263378878288,-2.890227402261134,-2.858556232921485,-2.827594895591842,-2.7973191808101348,-2.7677059868229423,-2.7387332562759346,-2.7103799172218754,-2.6826258281056914,-2.6554517264164654,-2.628839180723574,-2.6027705458388555,-2.5772289208689703,-2.5521981099422435,-2.5276625854125196,-2.5036074533590567,-2.480018421216456,-2.456881767382236,-2.4341843126619813,-2.4119133934232764
-182.15208199723207,-99.5536396383962,-69.98001244194253,-54.57011288778749,-45.05262755940737,-38.5660064231042,-33.85016058898511,-30.26128256477532,-27.435146329750022,-25.14972418186939,-23.261695775332655,-21.6742467484478,-20.319511371141285,-19.14842792025976,-18.124591588214212,-17.22037894039061,-16.414421226715472,-15.689909312062648,-15.033428226078945,-14.434138634594785,-13.883191184890293,-13.373300497984129,-12.898430570985635,-12.45355905900091,-12.03449802304432,-11.637755404461773,-11.260425997605855,-10.90010382084132,-10.554810014197695,-10.22293202165118,-9.903171035629946,-9.594495608121154,-9.296100039184925,-9.007366684983495,-8.727831713399553,-8.457154098103192,-8.195087800894209,-7.941457166372308,-7.69613556202233,-7.459027260237014,-7.230052495209586,-7.009135553355979,-6.796195684104043,-6.591140557885742,-6.393861955550067,-6.204233350315752,-6.02210903920209,-5.847324493095971,-5.679697619621379,-5.519030666776233,-5.365112534046213,-5.217721298061627,-5.076626799191493,-4.9415931718736505,-4.812381233763969,-4.688750676350206,-4.570462022382244,-4.457278333521875,-4.348966665432369,-4.245299277651382,-4.146054612606969,-4.051018062624548,-3.9599825462695613,-3.87274891635102,-3.789126221780391,-3.708931844571627,-3.6319915318495717,-3.558139341012595,-3.4872175143286506,-3.419076297345952,-3.353573713650577,-3.290575306756681,-3.22995385830307,-3.1715890902698693,-3.115367357626657,-3.0611813366768086,-3.0089297133647874,-2.9585168749531916,-2.9098526077424607,-2.8628518028852747,-2.817434171826936,-2.773523972470052,-2.731049746804994,-2.68994407045627,-2.6501433143595348,-2.6115874185959975,-2.5742196782628834,-2.5379865411439275,-2.5028374168569236,-2.4687244970912947,-2.43560258650335,-2.4034289438068246,-2.372163132578569,-2.341766881291308,-2.31220395208521,-2.283440017795846,-2.2554425467666173,-2.228180694987623,-2.201625205119361,-2.175748311977841
158.00516139720156,80.47824720991498,53.39854257272847,39.566566022462105,31.166085712207,25.522758407193102,21.47103193267757,18.421314084627415,16.043328411515933,14.137740556735501,12.577193987298195,11.276580422983992,10.176921506095619,9.236105066442027,8.423298931835937,7.7154435391886445,7.094972306998772,6.548284765809244,6.064696384389505,5.635698965159468,5.254428582025465,4.915275478767518,4.613593230358152,4.345478820930752,4.107604493919391,3.8970882375651175,3.711393743778534,3.54825332860125,3.4056090727024877,3.281568618347245,3.1743728381075638,3.082373104233212,3.0040162315612005,2.937835409856276,2.882445632114673,2.8365422960378597,2.7989018256689473,2.768383337383735,2.7439305591930365,2.724573399366075,2.709428741651351,2.6977002112709494,2.6886768010549975,2.6817303655432534,2.6763120803424556,2.6719480248636627,2.6682340813017276,2.6648303553631654,2.661455319566132,2.6578798628276292,2.6539214050710447,2.6494382066261655,2.6443239723377996,2.6385028217974655,2.6319246714458515,2.6245610522915452,2.616401368972914,2.6074495918029474,2.597721362983007,2.587241490909724,2.5760418019248856,2.5641593164594103,2.5516347158182655,2.538511066414532,2.52483276972125,2.510644708267485,2.4959915604195326,2.4809172592740403,2.4654645736091405,2.4496747913938357,2.433587488778329,2.4172403697368177,2.400669163586787,2.383907569456188,2.3669872384132864,2.3499377854214836,2.3327868245453343,2.315560021929241,2.2982811620129255,2.2809722232539706,2.2636534603133116,2.2463434902393344,2.2290593806741126,2.2118167385136456,2.1946297977940685,2.1775115058575802,2.1604736070840476,2.143526723664487,2.126680433047579,2.109943341815564,2.0933231558464276,2.07682674669905,2.0604602142208277,2.044228945425854,2.028137669728869,2.012190510647705,1.9963910341068951,1.9807422934886982,1.9652468715864986,1.9499069196201737
-191.64612949698028,-105.69029345162247,-74.52379279555888,-58.10608534389974,-47.86083795538706,-40.80644915052256,-35.62449849900693,-31.638920830651095,-28.466021581142222,-25.871270476658097,-23.702949025784175,-21.85841748533088,-20.265681053770226,-18.872715773554653,-17.640986567036677,-16.54135107841431,-15.551381930721176,-14.65356414669418,-13.83405000902556,-13.081778869426637,-12.387841637559433,-11.745012746963225,-11.147398858471483,-10.590170274466296,-10.069351862514045,-9.581657464165101,-9.124356624414286,-8.695165826452016,-8.29215875350237,-7.913691738705232,-7.5583417075529,-7.224854700327408,-6.912103578816554,-6.619053842592091,-6.34473666071224,-6.088228310280691,-5.8486352413987355,-5.625083988926319,-5.416715148029107,-5.222680638317794,-5.042143509158075,-4.874279589130361,-4.718280353678346,-4.57335647163736,-4.438741586949655,-4.3136959895914675,-4.1975099234471624,-4.0895063638160405,-3.9890431702825326,-3.895514580250121,-3.8083520543149936,-3.727024517651213,-3.651038063194791,-3.5799351945197544,-3.513293690875542,-3.4507251758035076,-3.3918734657723,-3.336412767802048,-3.2840457862353403,-3.234501789532839,-3.1875346788503407,-3.1429210916131742,-3.1004585655963353,-3.059963782272121,-3.021270902435436,-2.9842300023313735,-2.948705614620561,-2.914575375432704,-2.881728776375233,-2.850066018578608,-2.8194969645737444,-2.7899401829198807,-2.7613220799526497,-2.7335761127323654,-2.706642077182667,-2.6804654654699758,-2.6549968868446734,-2.6301915464123575,-2.606008776602304,-2.582411616429872,-2.55936643399438,-2.536842588002205,-2.514812124447907,-2.493249504917692,-2.4721313632955226,-2.451436287949811,-2.43114462675641,-2.41123831257098,-2.39170070700066,-2.3725164605418936,-2.3536713873489923,-2.335152353077599,-2.3169471744097727,-2.299044529014222,-2.281433874827362,-2.2641053776597437,-2.2470498462390043,-2.2302586738960533,-2.213723786186695,-2.1974375938173605
173.17969882135753,91.73969962696097,62.84243825121681,47.90830252975089,38.75367927494745,32.55680472753901,28.079401351842474,24.69110426944585,22.03666904943801,19.90043902853614,18.14382913771434,16.673680063712244,15.425036992077636,14.351217822898477,13.417805558489432,12.598866386883643,11.874486735317953,11.229121763253072,10.650459456845557,10.128621718314555,9.655591254512547,9.224793133128706,8.830784392096252,8.469020486876133,8.13567726109813,7.827513627438702,7.541764497266772,7.276056461583037,7.028340777108047,6.796839652049922,6.580002851671421,6.376472383070313,6.185053557732062,6.004691127869115,5.834449488532073,5.67349615996507,5.5210879334095795,5.376559192591551,5.2393120225709575,5.108807794840817,4.98455997792458,4.866127970223598,4.753111789482699,4.645147483206367,4.541903148360969,4.443075468029309,4.348386688331034,4.257581971649803,4.170427072608281,4.086706291768522,4.0062206690714905,3.9287863848529088,3.854233341110842,3.7824038997353657,3.713151757787631,3.646340942751681,3.5818449130721253,3.5195457513108517,3.4593334389687227,3.4011052034749127,3.344764929088779,3.2902226245216744,3.23739394099709,3.186199735250822,3.136565672647882,3.0884218661760525,3.0417025475810915,2.996345767346856,2.9522931206049434,2.9094894963908065,2.8678828479535836,2.8274239820810214,2.78806636562367,2.7497659475983234,2.7124809954230256,2.6761719439878995,2.640801256400321,2.606333295361728,2.572734204238627,2.5399717969838154,2.508015456146939,2.4768360382874777,2.446405786169251,2.416698247174462,2.387688197427989,2.359351571169862,2.3316653949561714,2.30460772630666,2.2781575964514524,2.2522949568601156,2.2270006292639994,2.2022562589078145,2.1780442707890284,2.1543478286641093,2.1311507966191683,2.1084377030193355,2.086193706666457,2.0644045650085263,2.043056604256852,2.0221366912784413
-4.959621278420732,-2.7830206884852857,-1.7079094691036616,-1.0228768294895731,-0.533394994423301,-0.15973021607215987,0.13807385117911952,0.3826384080076708,0.5878581629225197,0.7627719480583786,0.9135088562281326,1.044352208606663,1.1583607689820554,1.2577515293312622,1.3441466998095972,1.4187397731414864,1.4824115347674014,1.5358141265989298,1.5794341407279728,1.6136415554654524,1.6387287958911554,1.6549426081394347,1.662510404644724,1.6616620579291488,1.6526476752099082,1.635751606796613,1.611302786539262,1.5796814448539405,1.541322252530784,1.4967140268059025,1.4463962400674921,1.390952695699141,1.3310028551919713,1.267191398308737,1.2001766603297446,1.1306186092542814,1.0591669993440211,0.9864502694573121,0.9130656538264131,0.8395708508871724,0.7664774651918229,0.6942463103195291,0.6232845469310568,0.5539445366206099,0.48652422270707,0.4212688042999269,0.3583734481813118,0.2979867809059875,0.24021491676836226,0.1851258014088396,0.1327536815834109,0.08310354534660286,0.03615541070502559,-0.008131627411002929,-0.04981565359645296,-0.08896852927501003,-0.12567284833536574,-0.16001925285752747,-0.1921040988492265,-0.22202745347647118,-0.24989139969806742,-0.27579862096151087,-0.29985123718257906,-0.3221498631649635,-0.3427928615369269,-0.3618757638740847,-0.3794908356892589,-0.39572676320728317,-0.41066844215884024,-0.42439685111777004,-0.4369889940986091,-0.4485178991788281,-0.4590526617866053,-0.46865852298778576,-0.4773969746132225,-0.48532588439557545,-0.4924996354430099,-0.49896927537924596,-0.504782671339464,-0.5099846677445683,-0.5146172443968968,-0.5187196729624616,-0.5223286703411598,-0.5254785477888306,-0.5282013549540998,-0.5305270182380468,-0.5324834730840583,-0.5340967899660233,-0.5353912939714626,-0.5363896779776307,-0.5371131094976882,-0.5375813313345615,-0.537812756225442,-0.5378245556927649,-0.5376327433403251,-0.5372522528478642,-0.5366970109256474,-0.5359800054935863,-0.535113349348478,-0.5341083395788347
0.5009233819609533,0.20388792808345246,0.035140163112943545,-0.07757741428843956,-0.15883165205703187,-0.22000529380858813,-0.26731572433923234,-0.30453469751187523,-0.3341246361119885,-0.35778292953892477,-0.37672951632565344,-0.3918705676613383,-0.40389728839490857,-0.4133484714766089,-0.4206517073199383,-0.4261514586589703,-0.4301287460429575,-0.4328152998632566,-0.4344039589324544,-0.43505645945449933,-0.4349093694729266,-0.4340786793420517,-0.4326634009176695,-0.4307484238898691,-0.42840680734295544,-0.425701636271831,-0.4226875389589655,-0.41941193707512014,-0.4159160830274632,-0.4122359264015353,-0.4084028419575243,-0.4044442446100738,-0.40038411149566466,-0.396243427157177,-0.3920405647277483,-0.38779161354285063,-0.38351066168127,-0.37921004040809825,-0.37490053627372233,-0.37059157564302825,-0.3662913856364918,-0.36200713481982716,-0.3577450564508249,-0.35351055665748365,-0.3493083095620356,-0.3451423410666882,-0.34101610276742267,-0.33693253725300776,-0.3328941358702905,-0.32890298988801836,-0.32496083586526514,-0.321069095923156,-0.3172289135269637,-0.31344118530717213,-0.3097065893807871,-0.3060256105761672,-0.3023985629146475,-0.29882560965894744,-0.29530678120082876,-0.29184199102789865,-0.2884310499810503,-0.2850736789893028,-0.2817695204471634,-0.278518148380694,-0.27531907753188134,-0.2721717714762977,-0.26907564987623944,-0.2660300949602141,-0.26303445730968467,-0.26008806102518234,-0.25719020833609574,-0.2543401837115711,-0.251537257523827,-0.24878068930977076,-0.24606973067198684,-0.2434036278558696,-0.24078162403586612,-0.23820296134038893,-0.23566688264192437,-0.23317263313615688,-0.23071946173150604,-0.22830662226830883,-0.22593337458495066,-0.2235989854464993,-0.22130272934985795,-0.21904388921804646,-0.21682175699497563,-0.21463563415095077,-0.21248483210813496,-0.2103686725942937,-0.20828648793232057,-0.20623762127231554,-0.20422142677232014,-0.2022372697332181,-0.20028452669277458,-0.19836258548329477,-0.1964708452569559,-0.19460871648245975,-0.1927756209163043,-0.1909709915516471
3.3894688196354523,3.425867342267201,3.4157455036845796,3.395313197293133,3.3735882476431347,3.3533001140671184,3.335160229083224,3.3191216491850537,3.3048286296190894,3.291796318019887,3.2794877572307453,3.2673483878133456,3.254822160170098,3.2413597032518804,3.226423346724986,3.2094912842489833,3.1900619766842144,3.1676592898877036,3.1418385262520037,3.112193300726327,3.078363066513205,3.040040985192108,2.9969817510526284,2.949008919525261,2.8960212587205865,2.837997646353206,2.775000075708848,2.7071744148531725,2.6347486798977706,2.5580287281658753,2.477391438666827,2.393275610539553,2.3061709591115935,2.2166057091196687,2.1251333639008774,2.032319261331955,1.938727511011646,1.8449088472374067,1.751389837836764,1.6586637718785306,1.567183422711506,1.477355758878332,1.389538564283363,1.3040388376122685,1.2211127732151488,1.1409670822733058,1.0637613924425402,0.989611462992022,0.9185929665077819,0.8507456130230644,0.7860774237505839,0.7245689957897408,0.6661776333870271,0.6108412534549711,0.5584820017548708,0.5090095406971067,0.46232398987631357,0.4183185163582843,0.3768815837256768,0.33789887745754466,0.3012549299058043,0.26683447148274186,0.2345235361942522,0.20421034979384778,0.17578602797663617,0.14914511049693574,0.12418595513088887,0.10081101321192135,0.07892700618885742,0.05844502039972799,0.03928053509160845,0.021353396695282967,0.0045877505103174565,-0.011088060716165415,-0.02574162332303337,-0.039436597698714326,-0.05223287613642308,-0.06418674903180821,-0.07535107572234395,-0.08577545699049555,-0.09550640686405942,-0.10458752186080922,-0.11305964625351322,-0.12096103228714405,-0.12832749457315712,-0.1351925581253895,-0.14158759969656715,-0.14754198223077847,-0.15308318237170937,-0.15823691106426474,-0.1630272273629662,-0.16747664561806752,-0.17160623625294158,-0.17543572037673372,-0.17898355849683584,-0.18226703360838017,-0.18530232894426676,-0.1881046006705761,-0.19068804580967696,-0.19306596566782092
4.955422815765075,4.401234324296315,4.022541318184473,3.7287848606362393,3.48695147765372,3.280831601890753,3.101110316898835,2.9418733530885732,2.799095359764729,2.6698921860853524,2.552113959277661,2.444107057729647,2.3445667614370103,2.2524417608951195,2.1668698844165313,2.087133435444952,2.012627298447942,1.9428356185719713,1.877314394083965,1.8156782430328242,1.7575901784129964,1.7027535920750083,1.650905887356043,1.6018133609944152,1.5552670446554098,1.5110792927963028,1.4690809576631563,1.429119031053324,1.391054660771814,1.3547614705858035,1.320124128067858,1.2870371164836132,1.255403675852014,1.225134885214327,1.1961488635148885,1.1683700707010183,1.1417286939697333,1.1161601067304017,1.0916043899690053,1.0680059074068995,1.0453129272328265,1.023477284318706,1.0024540777593094,0.9822013993436118,0.9626800892028662,0.9438535154120664,0.925687374767055,0.9081495123346639,0.8912097576904683,0.8748397760280452,0.8590129325531185,0.8437041687723388,0.8288898894549979,0.8145478591912017,0.8006571075954867,0.7871978423136936,0.7741513690854729,0.7615000181972857,0.7492270767328768,0.7373167260914063,0.7257539842989689,0.7145246526881734,0.7036152665636335,0.6930130495094609,0.68270587102873,0.6726822072349908,0.6629311043427173,0.6534421447274643,0.6442054153478702,0.6352114783407464,0.6264513436176223,0.6179164433064965,0.6095986078963684,0.6014900439545816,0.5935833132982354,0.5858713135110633,0.5783472597063468,0.571004667444734,0.5638373367233551,0.5568393369594602,0.5500049928980124,0.5433288713783059,0.5368057688998256,0.5304306999322592,0.5241988859188242,0.518105744926008,0.5121468818963714,0.5063180794643382,0.5006152892978974,0.49503462393186953,0.4895723490609344,0.4842248762629036,0.4789887561248686,0.4738606717467999,0.46883743259897775,0.4639159687112911,0.45909332517397644,0.45436665693077294,0.4497332238467778,0.4451903860344893
4.236108547801272,3.7690358395194328,3.4409269863372747,3.198771808760413,3.014007846925036,2.870519708982388,2.758390736908375,2.6710916608199766,2.6040928018652707,2.5541161175941998,2.5187020157161073,2.495943260627763,2.484313323214736,2.4825510009415814,2.4895801449469896,2.504452244371753,2.52630453451361,2.55432912649672,2.5877503436836755,2.625808479880444,2.6677488273729457,2.712815204442262,2.7602474268687867,2.809282268359964,2.859157476199508,2.9091183775864935,2.958426551864896,3.006369974658649,3.052273980346527,3.09551235506777,3.135517875214216,3.171791652501401,3.2039107365080053,3.2315335532572367,3.254402913067716,3.2723464881680875,3.285274824849359,3.2931771016547775,3.2961149626814943,3.294214836146477,3.287659190334765,3.2766771837098023,3.261535138651741,3.242527216599248,3.2199666048522024,3.194177450277376,3.1654876998852703,3.1342229383408498,3.1007012517594603,3.0652290977258234,3.0280981239965272,2.9895828523235366,2.949939128032317,2.90940322874457,2.8681915251414027,2.8265005911532146,2.7845076688474357,2.742371403219684,2.7002327730021207,2.658216154671061,2.6164304674863015,2.5749703572492253,2.5339173852971446,2.4933411969820014,2.4533006504603385,2.413844892146778,2.375014369699624,2.336841777044653,2.2993529288068753,2.262567563725388,2.2265000782803153,2.1911601929607736,2.1565535544351895,2.1226822774250658,2.089545430393845,2.0571394692972147,2.0254586236435697,1.9944952390190775,1.9642400800691862,1.9346825977199595,1.9058111641858162,1.877613279058354,1.8500757495141094,1.823184847424637,1.7969264459054288,1.7712861376046514,1.7462493368105756,1.721801367249465,1.6979275372539933,1.6746132038061354,1.6518438267976077,1.629605014704619,1.6078825627413158,1.586662484436832,1.5659310374734672,1.5456747445272052,1.5258804097656289,1.5065351315813622,1.4876263120706597,1.469141663705785
-9.268957235415044,-6.981736225840285,-5.817293312797011,-5.0576600858698075,-4.504848170563209,-4.0768096593494745,-3.7318512296489628,-3.4459544407251164,-3.2040467396195287,-2.9960619509103665,-2.814951479983171,-2.655592665181309,-2.514149268560642,-2.3876767654845343,-2.273868063795116,-2.1708837171464035,-2.0772350560913533,-1.9917016131989762,-1.9132714383754643,-1.8410970911051934,-1.7744626155305607,-1.7127583661193704,-1.6554615467022336,-1.6021209751772232,-1.552345019493931,-1.5057919453507425,-1.4621621202435977,-1.4211916622640446,-1.3826472247696693,-1.346321682465742,-1.312030539029985,-1.2796089169339084,-1.2489090205193263,-1.2197979864343431,-1.1921560531660966,-1.1658749950182927,-1.140856776474662,-1.1170123911980325,-1.0942608564789924,-1.0725283391700244,-1.0517473933219883,-1.0318562931078088,-1.012798447347128,-0.9945218841687749,-0.9769787961684048,-0.9601251379168158,-0.943920268913064,-0.9283266361051586,-0.9133094909589454,-0.8988366367741129,-0.8848782025500173,-0.8714064402133674,-0.8583955424510489,-0.8458214787576193,-0.8336618476191131,-0.8218957430215931,-0.8105036337015408,-0.7994672537517844,-0.7887695033661068,-0.778394358652118,-0.7683267895688413,-0.7585526851556281,-0.7490587853149157,-0.739832618494997,-0.7308624446920787,-0.7221372032549881,-0.7136464650320951,-0.7053803884494735,-0.6973296791528798,-0.6894855528845824,-0.6818397013000661,-0.6743842604597503,-0.6671117817575469,-0.6600152050718376,-0.6530878339455345,-0.6463233126207233,-0.6397156047701643,-0.6332589737829407,-0.6269479644749558,-0.6207773861070242,-0.6147422966040903,-0.6088379878788006,-0.6030599721713819,-0.5974039693256235,-0.5918658949278471,-0.586441849242133,-0.5811281068808403,-0.5759211071546908,-0.5708174450514015,-0.5658138627961381,-0.5609072419509582,-0.5560945960139264,-0.551373063481811,-0.5467399013431758,-0.5421924789713468,-0.5377282723891594,-0.5333448588795998,-0.529039911918468,-0.5248111964070464,-0.5206565641844374
0.6569907513867991,0.21911092403666865,0.02337613811683266,-0.0831910885696543,-0.1454172889590435,-0.18227001266164927,-0.20338639068999137,-0.21424004703326474,-0.21818167673543146,-0.21737492332426472,-0.21327320009162604,-0.20688243651801386,-0.19891493853753356,-0.18988396916597056,-0.18016423876482363,-0.17003188568843502,-0.15969164216132048,-0.1492957316860874,-0.138957281923491,-0.1287600113972897,-0.11876533104294174,-0.10901761885962807,-0.09954818231159834,-0.09037826441608948,-0.0815213438773339,-0.07298490805849828,-0.06477182823656641,-0.05688143202911139,-0.04931034333926759,-0.04205314250788467,-0.035102886506799935,-0.028451519545968862,-0.022090197433683345,-0.01600954375182828,-0.010199851914680369,-0.004651244133854815,0.0006462040281128845,0.005702366643116352,0.01052699247814376,0.015129647770462828,0.01951967322449233,0.023706152423946802,0.027697889398211828,0.03150339351700354,0.035130870235820955,0.03858821649475974,0.04188301979906173,0.04502256019237022,0.048013814481703776,0.050863462193468545,0.05357789283781489,0.05616321413855807,0.058625260951215674,0.06096960464512213,0.06320156276935696,0.06532620885805812,0.06734838226009765,0.06927269790218377,0.07110355591420048,0.07284515106176875,0.07450148194423306,0.07607635992708484,0.07757341778662885,0.07899611805184625,0.08034776103420116,0.08163149254078561,0.08285031126993342,0.08400707589140083,0.08510451181553247,0.08614521765764988,0.08713167140527439,0.08806623629683075,0.08895116642121431,0.08978861204811461,0.09058062469930406,0.09132916197125579,0.09203609211949931,0.09270319841505253,0.0933321832831327,0.0939246722341483,0.09448221759671832,0.0950063020621888,0.09549834204980662,0.09595969090137785,0.09639164191391081,0.09679543121838924,0.09717224051248602,0.09752319965467526,0.0978493891268718,0.09815184237238456,0.09843154801565446,0.09868945196992779,0.09892645943871334,0.09914343681657686,0.09934121349454658,0.09952058357512869,0.09968230750167476,0.09982711360659766,0.09995569958268838,0.10006873388157056
5.693305858671492,3.457466850727107,2.3366635086524994,1.614200115440254,1.0930058349695435,0.6918700958138917,0.36988488819948184,0.1037728909218445,-0.12083516406817196,-0.31333391641111596,-0.48012683324488203,-0.6257136574447697,-0.7533270781061403,-0.8653260697464913,-0.9634503103611847,-1.0489916094501037,-1.122913876807892,-1.1859401638542533,-1.2386180344289064,-1.2813702678962116,-1.3145353089510443,-1.3384002469484,-1.3532280494193323,-1.3592800767200872,-1.3568344467462374,-1.3462005302535829,-1.3277296960328742,-1.3018223626135337,-1.268931427250649,-1.229562213520312,-1.1842691856802832,-1.1336498005077575,-1.0783359857330646,-1.0189838308860972,-0.9562621378688484,-0.8908404968168493,-0.8233775258508239,-0.7545098450014897,-0.6848422534859405,-0.6149394572215225,-0.545319562680104,-0.47644942590194106,-0.408741831581762,-0.3425543835317105,-0.27818991821952677,-0.2158982081936045,-0.15587870034571216,-0.098284031766175,-0.04322407914582421,0.009229678238238559,0.059039671198871324,0.10619778452617468,0.15072105385296314,0.19264760549700305,0.23203290088344936,0.26894632286213666,0.303468121293008,0.3356867195637945,0.3656963718775699,0.39359515272097545,0.41948325435776274,0.443461564946938,0.46563049845593524,0.48608904747870646,0.5049340309940966,0.5222595106962284,0.538156351544246,0.552711904419037,0.5660097910937267,0.5781297740177316,0.5891476956088396,0.599135473797596,0.6081611424465159,0.616288926961148,0.6235793469190649,0.6300893388720918,0.635872393636673,0.6409787033903758,0.6454553147535845,0.6493462847693224,0.6526928373155314,0.6555335180068724,0.6579043460801259,0.6598389621203058,0.6613687707842136,0.6625230779237532,0.663329221711102,0.6638126975290409,0.6639972765185564,0.6639051177776202,0.6635568742844178,0.6629717926791158,0.6621678070838368,0.6611616271736624,0.6599688207344996,0.6586038909585445,0.6570803487364352,0.655410780208403,0.6536069098358956,0.6516796592512014
-11.518141907661771,-8.958323992179631,-7.597503926581245,-6.682908661090865,-6.00188007761447,-5.464509178367506,-5.024331420268286,-4.654196020069427,-4.336857677022573,-4.060679472069847,-3.817439621530802,-3.6011155140585895,-3.40716490898371,-3.2320786740174983,-3.073090559813095,-2.9279821683945513,-2.794947948236711,-2.6724993317881722,-2.5593951454322985,-2.454590102787382,-2.3571960230506743,-2.266452180988227,-2.181702325520156,-2.1023766453303994,-2.027977456860693,-1.9580677295800228,-1.8922617995022586,-1.8302177887104851,-1.7716313682044569,-1.716230588244029,-1.6637715642425919,-1.6140348537859537,-1.5668223960787804,-1.5219549122453122,-1.4792696856945073,-1.438618657821553,-1.3998667868308055,-1.3628906272876136,-1.3275770957718378,-1.293822394186377,-1.2615310672243834,-1.2306151744879084,-1.2009935609834614,-1.1725912123540492,-1.1453386833646046,-1.1191715899333083,-1.0940301564695272,-1.0698588114985963,-1.0466058255709119,-1.0242229863047756,-1.0026653061288067,-0.981890758894318,-0.9618600420401391,-0.9425363614275921,-0.9238852363344408,-0.9058743224141121,-0.8884732506988668,-0.871653480960016,-0.8553881679405506,-0.8396520391506067,-0.8244212830680373,-0.8096734467184488,-0.7953873417242159,-0.7815429580126343,-0.768121384461507,-0.7551047358378485,-0.7424760854534544,-0.7302194030210729,-0.7183194972479063,-0.7067619627500615,-0.695533130913118,-0.6846200243609117,-0.6740103147274581,-0.6636922834561951,-0.6536547853768614,-0.6438872148336447,-0.6343794741591637,-0.6251219443075636,-0.6161054574768547,-0.6073212715657336,-0.5987610463237649,-0.5904168210660782,-0.5822809938348161,-0.5743463018996029,-0.5666058034983541,-0.5590528607279781,-0.5516811235019646,-0.5444845144986212,-0.5374572150298689,-0.5305936517661081,-0.5238884842577628,-0.5173365931987559,-0.5109330693814154,-0.504673203296188,-0.49855247533307695,-0.49256654654496906,-0.4867112499359872,-0.480982582240729,-0.47537669616274997,-0.46988989304295753
12.20027490027092,9.945462600003083,8.794717315422668,8.045166974860205,7.5019469717405425,7.083658040012876,6.748556747980259,6.4723494497125404,6.239612220105894,6.039901541088279,5.865782360597409,5.711741740459178,5.573551038997066,5.447872369431771,5.3320061885109755,5.223724549773999,5.1211585848713685,5.022721564402692,4.927056007376789,4.832997417955253,4.739549673005165,4.645868575819682,4.551251024628434,4.455127847475987,4.357058765093136,4.256728245719517,4.153941263683185,4.048618198930008,3.940788334437886,3.830581627898141,3.718218649991437,3.6039987850316964,3.4882869687670386,3.371499380686375,3.2540886047000983,3.1365288172895602,3.019301556205269,2.9028825708629915,2.7877301673945363,2.674275349259175,2.5629139317137417,2.4540006877200717,2.347845474262684,2.244711198745031,2.1448134190378974,2.048321328745864,1.9553598597684583,1.8660126339986003,1.7803255108303913,1.698310502590612,1.6199498618637238,1.545200179333512,1.4739963653531285,1.4062554209063731,1.3418799325976463,1.2807612510900808,1.2227823327741363,1.1678202405189355,1.1157483114950775,1.0664380087513914,1.0197604790246577,0.9755878427061437,0.9337942434906672,0.894256685444899,0.8568556844372737,0.8214757593900313,0.7880057868985357,0.756339240610653,0.7263743345170421,0.6980140870782361,0.6711663209796878,0.6457436113091615,0.6216631931195219,0.5988468376870655,0.5772207053034464,0.5567151811428682,0.5372646996159125,0.5188075616443937,0.501285748453931,0.48464473476792974,0.4688333036839921,0.45380336500784846,0.43950977839797406,0.42591018232460803,0.41296482955949954,0.4006364296781672,0.3888899988666232,0.37769271717233477,0.3670137932185259,0.356824336306523,0.3470972357581849,0.33780704729572686,0.32892988621619523,0.32044332708974105,0.3123263096924053,0.3045590508734175,0.2971229620524596,0.29000057204262863,0.2831754548988371,0.27663216249827155
-13.873637581438853,-10.291715483444806,-8.584474256547809,-7.521964666931055,-6.778877228232159,-6.224527654366587,-5.794173473329281,-5.451317517106909,-5.1734827486481,-4.9458988551872345,-4.75836047193755,-4.603523708310158,-4.475918479418673,-4.371344063462858,-4.2864823651528905,-4.2186411583192935,-4.165578351171723,-4.125378761870548,-4.096366195574832,-4.0770401157239675,-4.066030062953378,-4.062063321634016,-4.06394277906318,-4.070532812341595,-4.080751577589198,-4.093568392424827,-4.108005079138602,-4.123140231031755,-4.138115420488985,-4.152142415727477,-4.164510535717685,-4.1745933626913745,-4.181854153872545,-4.185849446011687,-4.186230519286731,-4.182742568374127,-4.175221603516694,-4.1635892594666135,-4.1478458142573436,-4.1280618059483745,-4.104368681498798,-4.07694891981075,-4.046026046252946,-4.011854906365824,-3.9747125006183874,-3.934889608445042,-3.892683355640977,-3.8483908102133735,-3.802303631837489,-3.7547037512862547,-3.7058600192515625,-3.65602573839314,-3.605436977016579,-3.5543115558497695,-3.502848599155798,-3.451228546133705,-3.3996135266329404,-3.3481480153034706,-3.2969596893499813,-3.2461604262455808,-3.195847388513042,-3.1461041526226894,-3.0970018479680363,-3.0486002796658687,-3.000949015577387,-2.954088423511182,-2.908050649134283,-2.862860528791468,-2.8185364343303343,-2.7750910492642573,-2.732532077285051,-2.6908628853598078,-2.650083084498868,-2.6101890518394106,-2.5711743980154336,-2.5330303839335766,-2.4957462910890476,-2.4593097494726837,-2.423707026967468,-2.3889232839331878,-2.3549427964489777,-2.321749151438696,-2.2893254166535693,-2.257654288237787,-2.2267182183609755,-2.196499525170572,-2.166980487099161,-2.138143423358492,-2.109970762263618,-2.0824450988575105,-2.055549243148454,-2.0292662601287255,-2.0035795026129852,-1.9784726378174096,-1.9539296684951335,-1.9299349493489606,-1.9064731993577375,-1.8835295105773109,-1.8610893539097628,-1.8391385822748816
3.3078421627209362,2.8091604246854485,2.49211546193333,2.252101597339119,2.0572268461803698,1.892902285566302,1.7510004039584464,1.6264299209915094,1.515743962402746,1.416476657490553,1.3267898420034467,1.2452688957783904,1.1707971342605739,1.1024746022690755,1.0395634200437744,0.9814497544954309,0.9276166058121236,0.8776238609663063,0.8310933669448168,0.7876975556454897,0.7471506351180827,0.709201669976427,0.6736290757356651,0.6402361872558157,0.6088476542006346,0.5793064811029731,0.5514715755107628,0.5252157007354068,0.5004237538608298,0.47699130752620733,0.45482336735959195,0.4338333070521423,0.41394195079239166,0.39507677874427233,0.37717123589541707,0.3601641282462975,0.34399909319319366,0.328624133254731,0.31399120413444154,0.3000558495999693,0.2867768768688083,0.27411606717890813,0.26203791703493856,0.2505094062923657,0.23949978979908465,0.22898040977966055,0.21892452653734995,0.2093071653775576,0.2001049779341561,0.19129611631590326,0.1828601186911465,0.1747778051008934,0.16703118243783904,0.15960335765599581,0.15247845838530488,0.1456415602207229,0.1390786200379211,0.1327764147597567,0.12672248506061917,0.12090508355088725,0.11531312703215019,0.10993615245647592,0.10476427626059687,0.09978815677914621,0.09499895947051568,0.09038832471506542,0.08594833796866475,0.08167150207526847,0.07755071156072835,0.07357922874657785,0.06975066153734488,0.06605894274822499,0.06249831085189134,0.059063292033952275,0.05574868345623846,0.05254953763583886,0.0494611478556759,0.04647903452955182,0.04359893245105201,0.04081677886154067,0.038128702277808624,0.03553101202475678,0.03302018842288629,0.030592873584380398,0.02824586277519625,0.025976096303919505,0.02378065190117218,0.021656737556142003,0.0196016847793421,0.01761294226303939,0.01568806991292543,0.01382473322655453,0.012020697995879792,0.010273825312861251,0.008582066858642101,0.006943460458187833,0.0053561258835633785,0.0038182608902184167,0.002328137471734215,0.0008840983195049223
5.400787292226361,3.5041076791934036,2.5913248200315984,2.0148706296104786,1.6020773651076565,1.283266300587493,1.0238516614814674,0.8043441013817821,0.6127758640452625,0.44133158377448445,0.28467129013545167,0.13902315726543513,0.0016602113037208488,-0.12941717274488396,-0.2556819919399108,-0.37821197344683777,-0.49777824311538543,-0.614907032961191,-0.7299240968969556,-0.8429880012086692,-0.9541163441091631,-1.0632076268188493,-1.1700606150680133,-1.2743924093179444,-1.3758559799163557,-1.4740575621652108,-1.5685740162515707,-1.6589700254986828,-1.744814830492753,-1.8256980779253678,-1.9012443036622921,-1.971125569526115,-2.035071828403055,-2.0928786936693538,-2.144412423458732,-2.1896120820242424,-2.2284889926427254,-2.261123733765066,-2.2876610402158626,-2.3083030463873726,-2.32330134559299,-2.332948340592193,-2.337568329901001,-2.3375087203053178,-2.3331316864294744,-2.324806521517227,-2.3129028469240414,-2.2977847767677497,-2.279806072520456,-2.2593062721160106,-2.236607740003876,-2.2120135579973774,-2.185806160488087,-2.1582466099547477,-2.129574407861577,-2.1000077402422073,-2.069744064903503,-2.0389609569064864,-2.0078171397082056,-1.9764536402602753,-1.944995016875429,-1.9135506184096192,-1.8822158420417743,-1.851073364564845,-1.8201943286176017,-1.789639470733898,-1.7594601825493594,-1.7296995000899145,-1.7003930188853382,-1.6715697348165497,-1.643252812224251,-1.615460281975461,-1.5882056729895258,-1.5614985812406517,-1.5353451805430407,-1.5097486795402313,-1.4847097293055704,-1.4602267858512514,-1.4362964316671691,-1.4129136601902408,-1.3900721268571379,-1.3677643701317395,-1.3459820056330087,-1.3247158962266583,-1.3039563006900126,-1.2836930033175353,-1.2639154266066261,-1.2446127289509583,-1.2257738890722354,-1.2073877787408336,-1.1894432251710687,-1.171929064327,-1.154834186239107,-1.138147573309816,-1.1218583324758151,-1.1059557219963803,-1.0904291735485943,-1.0752683102314011,-1.060462961010109,-1.0460031720702936
-8.305376179467856,-6.1893781746633945,-5.091190384818307,-4.353697142999364,-3.799539687846232,-3.356217275038237,-2.98727531613587,-2.6719196505068425,-2.3972428919013544,-2.154740145668719,-1.9385587166721785,-1.7445403089590648,-1.5696603562351048,-1.4116811302017864,-1.2689266720110943,-1.1401304173481748,-1.0243278705954224,-0.920778102771532,-0.8289042301139244,-0.7482467614176755,-0.6784259748348433,-0.6191109203532981,-0.5699935777192433,-0.53076731639548,-0.5011092086692184,-0.4806659994433371,-0.4690436729897529,-0.465800602534852,-0.4704442425807791,-0.48243124488434264,-0.5011707661736009,-0.5260306087962139,-0.5563457139408687,-0.5914284280748041,-0.6305799000515131,-0.6731019468417996,-0.7183087518733033,-0.7655378275890576,-0.8141597744221725,-0.863586490288428,-0.9132776151908346,-0.9627451225960331,-1.0115560829859989,-1.0593337184748155,-1.1057569368962548,-1.1505585785880317,-1.1935226309108833,-1.2344806677016726,-1.273307757635661,-1.3099180613736032,-1.3442603066413725,-1.376313296686702,-1.4060815737726324,-1.43359132759812,-1.4588866101422675,-1.482025894142347,-1.5030789924777754,-1.52212434002698,-1.5392466277419699,-1.5545347702631265,-1.5680801828352333,-1.5799753400450178,-1.5903125874761714,-1.5991831773217067,-1.6066764999232381,-1.6128794848072305,-1.6178761468077625,-1.6217472551093153,-1.6245701053657435,-1.6264183773478873,-1.6273620627700227,-1.6274674499980686,-1.6267971542234294,-1.6254101833833765,-1.6233620316203115,-1.620704793403688,-1.6174872926000388,-1.6137552217815716,-1.60955128792665,-1.6049153614010354,-1.5998846257317179,-1.5944937262093513,-1.5887749157936777,-1.5827581971606157,-1.5764714600304979,-1.5699406131635905,-1.5631897106098767,-1.5562410719621935,-1.5491153964915412,-1.5418318711459924,-1.5344082724747654,-1.526861062600561,-1.5192054794095216,-1.5114556211619372,-1.5036245257504377,-1.4957242448478343,-1.4877659131956715,-1.4797598132882135,-1.4717154357062205,-1.4636415353513432
