-6.954798160024923,-4.767410139180235,-3.6377046980393253,-2.8882407426115786,-2.333460784125189,-1.8966350285272155,-1.538841423485127,-1.237734660287979,-0.9793825172229611,-0.7545788402143252,-0.5569787112147422,-0.3820718290507199,-0.22657848586440377,-0.0880743180435064,0.035253884948440284,0.144773779962573,0.24152413704427822,0.3263000590097622,0.39971740854085036,0.46226309118407505,0.5143353961427379,0.5562770485333026,0.5884026185583782,0.6110212657619871,0.6244553573118696,0.6290552225934216,0.6252101524789786,0.61335569371669,0.5939773058961011,0.5676105208575872,0.5348378523825095,0.49628282724264916,0.4526016274913818,0.40447293078792557,0.35258659713538076,0.2976318686815458,0.24028572224383682,0.18120194584893734,0.12100140940699755,0.06026387727530347,-0.0004784203902341577,-0.06074536795275853,-0.12011172071289566,-0.17820815553089786,-0.23472080342008783,-0.2893894968192663,-0.34200498616089936,-0.39240538259158164,-0.44047207054104076,-0.486125309788482,-0.5293197159895655,-0.570039774958868,-0.6082955122461101,-0.6441184077985302,-0.6775576171269417,-0.708676536122362,-0.7375497267449839,-0.764260205112628,-0.7888970817023626,-0.8115535349638301,-0.8323250940871553,-0.8513082034323676,-0.8685990397068646,-0.8842925529245338,-0.8984817031124648,-0.9112568663337282,-0.9227053856158942,-0.9329112446202628,-0.9419548442104877,-0.9499128643764083,-0.9568581961672802,-0.9628599303417961,-0.9679833913235956,-0.9722902067482352,-0.9758384043991792,-0.9786825296618976,-0.9808737777868486,-0.9824601362571211,-0.9834865334193106,-0.9839949902716776,-0.984024772926479,-0.9836125437874231,-0.9827925099214299,-0.9815965674680314,-0.980054441230373,-0.978193818838311,-0.9760404790747383,-0.9736184141182629,-0.9709499455849052,-0.9680558343539385,-0.9649553842429839,-0.9616665396588489,-0.9582059773967125,-0.9545891927938845,-0.9508305804678368,-0.9469435098835105,-0.9429403960036454,-0.9388327652794456,-0.9346313172383947,-0.9303459819223825
4.721011237113769,4.23519514038847,3.92056178477259,3.675331997850905,3.4700817568878426,3.2919076911111507,3.13382535502298,2.991531761121935,2.862133513807787,2.7435592638719504,2.634255335162427,2.53301390428974,2.4388692868979898,2.3510318746480885,2.2688441547607585,2.1917503300007746,2.1192746664581104,2.051005642024391,1.9865840685992018,1.9256940092866528,1.8680557076956528,1.813419995894536,1.7615638091676977,1.7122865430308831,1.6654070608170888,1.6207612106070148,1.5781997458688561,1.5375865696923903,1.498797241080055,1.4617176954709215,1.4262431419264774,1.392277107164654,1.3597306025630334,1.3285213948389278,1.2985733646934263,1.2698159405248604,1.2421835965552075,1.2156154065042768,1.1900546453910397,1.1654484332145618,1.1417474152260108,1.1189054742921365,1.0968794715034982,1.0756290117240443,1.0551162312332238,1.0353056049940068,1.0161637714031504,0.9976593726540981,0.9797629090764921,0.9624466060162075,0.9456842919915384,0.9294512870092755,0.913724300052517,0.8984813348633005,0.8837016032399891,0.869365445153939,0.8554542550640789,0.8419504138730789,0.8288372260261043,0.8160988613036898,0.8037203009050218,0.7916872874575664,0.7799862786242244,0.7686044040105622,0.7575294251026522,0.7467496979910652,0.7362541386589407,0.7260321906321352,0.7160737948074771,0.706369361291381,0.696909743095678,0.6876862115507065,0.6786904333076174,0.6699144488126163,0.6613506521456297,0.6529917721247271,0.6448308545856738,0.6368612457532843,0.6290765766279027,0.6214707483163853,0.6140379182424875,0.6067724871766014,0.5996690870293868,0.5927225693580673,0.5859279945380027,0.5792806215557038,0.5727758983826782,0.5664094528924849,0.560177084286102,0.5540747549932252,0.5480985830194319,0.5422448347112676,0.5365099179132792,0.5308903754928257,0.5253828792101651,0.5199842239128676,0.5146913220350124,0.5095011983829622,0.5044109851907141,0.49941791742896197
7.478912280617873,5.339544942750988,4.2593199274580495,3.5601235375153437,3.055863557883753,2.669376359999257,2.361352931147292,2.109080839778927,1.8982669711640252,1.7193433671662979,1.5655987189766558,1.4321502418404721,1.3153397525821648,1.2123598899162893,1.1210126628422195,1.0395478146624204,0.9665512999731187,0.9008663185357719,0.8415361319477195,0.7877618327267617,0.7388706108957448,0.6942915388628794,0.6535368374924921,0.6161872024822639,0.5818801820961872,0.5503008781274663,0.5211744368446538,0.494259934118114,0.4693453573056545,0.44624345786127506,0.42478830108030863,0.4048323783795085,0.3862441768009415,0.36890612265554146,0.35271283324682456,0.3375696237689816,0.3233912267194732,0.3101006892083249,0.2976284199039134,0.28591136241508486,0.2748922759623833,0.2645191074569968,0.2547444417526312,0.24552501899173595,0.23682130973328974,0.2285971400022767,0.22081935960202215,0.21345754802771244,0.20648375315070866,0.19987225853903035,0.19359937586392517,0.18764325933526438,0.1819837395254692,0.176602174295585,0.17148131483844353,0.16660518511122768,0.16195897315013652,0.15752893294915138,0.15330229574790222,0.14926718971432706,0.1454125671295997,0.1417281382884107,0.13820431141950162,0.13483213801136018,0.13160326299780756,0.128509879319327,0.1255446864295129,0.1227008523630646,0.11997197902310752,0.11735207038209083,0.11483550332269954,0.1124170008736658,0.11009160762058512,0.10785466709418734,0.10570180095837245,0.10362888983799334,0.10163205564210476,0.09970764525242426,0.09785221545931522,0.09606251903879026,0.0943354918741015,0.09266824103447313,0.09105803373162202,0.08950228708197994,0.08799855860905614,0.08654453742628188,0.08513803604597325,0.08377698276484624,0.08245941458084827,0.08118347059997899,0.0799473858953279,0.07874948578375851,0.07758818048858684,0.076461960159249,0.0753693902213477,0.07430910703266436,0.0732798138227021,0.0722802768951436,0.07130932207425755,0.07036583137779562
4.2683256511673004,3.8585359092749334,3.581625386717743,3.354814612899179,3.1552017992524695,2.972921955475517,2.8026586448637407,2.6411311097782635,2.4861290871443753,2.336074914298786,2.189800508697836,2.0464238910806825,1.9052764944925458,1.7658583658938682,1.627809546120964,1.4908911692203506,1.354972466970938,1.22002127507435,1.0860964326084404,0.9533409435406901,0.821975080375045,0.6922888367548445,0.5646333227059945,0.4394108669525887,0.31706375606823944,0.19806170189905092,0.08288828215602306,-0.027973264376892626,-0.13405439763987959,-0.23491522986938285,-0.3301574870142743,-0.4194359173762563,-0.5024676607054506,-0.5790392063447518,-0.6490107140682932,-0.7123176309834696,-0.7689696961768082,-0.8190475667530897,-0.8626974126759177,-0.900123905816457,-0.9315820680823674,-0.957368446119512,-0.9778120510901538,-0.9932654489596593,-1.0040963180609526,-1.0106797147380497,-1.0133912117998172,-1.0126010039413678,-1.0086690130160558,-1.0019409761515177,-0.992745461821712,-0.9813917326199642,-0.9681683573802105,-0.9533424677981863,-0.9371595539936886,-0.9198436977589046,-0.9015981499614079,-0.8826061683651103,-0.8630320429192242,-0.8430222465278483,-0.82270665987103,-0.8021998286204273,-0.7816022201577317,-0.7610014545613863,-0.7404734911648869,-0.7200837574558525,-0.6998882115641705,-0.6799343331854997,-0.6602620406167139,-0.6409045337553003,-0.6218890645420081,-0.6032376375022184,-0.584967643852726,-0.5670924331613819,-0.5496218268406164,-0.5325625778752979,-0.5159187811740354,-0.4996922388264249,-0.48388278437501653,-0.4684885699922883,-0.4535063202070314,-0.4389315555644707,-0.4247587893401673,-0.410981700166558,-0.3975932831780119,-0.38458598203916783,-0.37195180399417327,-0.3596824198627203,-0.347769250712879,-0.33620354276077935,-0.32497643188280223,-0.31407899897644453,-0.3035023172706909,-0.29323749256458786,-0.2832756972628434,-0.2736081989787158,-0.26422638438621215,-0.2551217789247907,-0.24628606288948118,-0.23771108437674227
4.1766150786359555,3.7742301389947053,3.503031131774139,3.280899202155344,3.0852504441841893,2.9064044705077996,2.7391638024414156,2.5803296974120746,2.4277512122875815,2.279895160342878,2.1356277558249284,1.9940940721854465,1.854647283133056,1.7168051834457718,1.580222497439912,1.4446726487589276,1.3100352597259999,1.1762870297312649,1.0434944193210567,0.9118070325945353,0.7814508945075311,0.6527210416059654,0.5259730283028206,0.4016131193014556,0.2800871025102807,0.1618678173311725,0.04744164584272492,-0.06270564965694359,-0.1681032507998963,-0.2683092065300816,-0.3629233688126754,-0.45159877927517944,-0.5340510193878139,-0.6100651522725813,-0.6795000293759055,-0.7422898950381482,-0.7984433803634581,-0.8480401198100675,-0.8912253377184767,-0.9282028300246632,-0.959226805896332,-0.9845930566717105,-1.004629890508816,-1.0196892180957717,-1.0301381061218957,-1.0363510392513398,-1.0387030552792669,-1.0375638475838445,-1.033292867718873,-1.0262354111074024,-1.0167196309194972,-1.0050543988540612,-0.991527915449959,-0.9764069650589369,-0.959936709904563,-0.9423409219572954,-0.9238225590811135,-0.9045646017033933,-0.884731077047767,-0.8644682089334115,-0.8439056417034922,-0.8231576966186056,-0.802324627816901,-0.7814938526006043,-0.7607411373470334,-0.7401317258086206,-0.719721401046044,-0.6995574758369687,-0.6796797092335747,-0.6601211491177956,-0.640908902230787,-0.6220648343295643,-0.6036062039352148,-0.5855462336580518,-0.5678946233788469,-0.5506580096848624,-0.5338403759482433,-0.5174434173278162,-0.5014668648017815,-0.4859087721203823,-0.47076576932186076,-0.45603328619502215,-0.4417057488075382,-0.4277767519579925,-0.4142392101567761,-0.4010854894998809,-0.38830752257255374,-0.3758969083080975,-0.36384499853126573,-0.3521429727357781,-0.3407819024811436,-0.3297528066445137,-0.3190466986279903,-0.3086546264997,-0.2985677069371151,-0.28877715374255075,-0.2792743016125605,-0.27005062576414285,-0.26109775795040835,-0.2524074993357883
-2.2476486421325066,-2.2698340680538056,-2.2195387847906245,-2.1572354277670622,-2.0944866165761646,-2.0342758191736787,-1.9773217295927847,-1.9236396773502478,-1.8730223064052676,-1.8252053365634524,-1.7799269588009803,-1.7369479726600412,-1.696056797876341,-1.6570687010004945,-1.6198230120382853,-1.5841798749593818,-1.5500171433581864,-1.5172276347142306,-1.4857167879801234,-1.4554007010944625,-1.4262045013499596,-1.3980609971906035,-1.370909563541558,-1.3446952190147785,-1.3193678599967267,-1.294881622773007,-1.2711943501604144,-1.2482671435592392,-1.2260639849815818,-1.2045514165666829,-1.183698267477382,-1.1634754199877904,-1.1438556081110045,-1.1248132433517486,-1.1063242631627703,-1.0883659984844203,-1.0709170573930462,-1.0539572224066145,-1.0374673594200368,-1.021429336587545,-1.0058259517507278,-0.9906408672409159,-0.975858551073308,-0.9614642237055112,-0.9474438096613043,-0.9337838934264862,-0.9204716791117428,-0.9074949534507984,-0.894842051763396,-0.8825018265639961,-0.8704636185402661,-0.8587172296618368,-0.8472528982106299,-0.8360612755501983,-0.8251334044738365,-0.814460698990223,-0.8040349254217105,-0.7938481847044194,-0.7838928957914073,-0.7741617800707117,-0.7646478467191634,-0.7553443789208565,-0.7462449208861055,-0.7373432656128402,-0.7286334433377862,-0.7201097106295093,-0.711766540079653,-0.703598610552423,-0.6956007979557298,-0.6877681665003961,-0.680095960416504,-0.6725795960983965,-0.6652146546520041,-0.6579968748201521,-0.650922146263288,-0.6439865031746889,-0.6371861182106923,-0.6305172967178457,-0.6239764712400998,-0.6175601962903132,-0.6112651433713675,-0.6050880962331531,-0.5990259463525736,-0.5930756886245199,-0.5872344172525298,-0.5814993218285391,-0.5758676835917796,-0.5703368718574776,-0.5649043406065678,-0.5595676252281525,-0.5543243394069216,-0.5491721721481996,-0.5441088849337059,-0.5391323090015088,-0.5342403427440198,-0.5294309492182177,-0.5247021537626192,-0.520052041715808,-0.5154787562316193,-0.5109804961863472
-1.2471805468458994,-1.2019904001491464,-1.1744321642524278,-1.1546938598549625,-1.1393086415806506,-1.1266261390733439,-1.115728934602651,-1.1060561754501004,-1.0972427227015429,-1.08904034227539,-1.081275102063687,-1.0738225591672466,-1.0665924392509025,-1.0595187239533175,-1.0525529891840772,-1.045659786762776,-1.0388133596271647,-1.0319952556666043,-1.0251925638773967,-1.0183965917167863,-1.0116018616101368,-1.0048053423550205,-0.998005855995743,-0.9912036174540227,-0.9843998756963428,-0.9775966332806041,-0.9707964268797543,-0.9640021555540726,-0.9572169466148268,-0.9504440512109228,-0.9436867634960717,-0.9369483585490588,-0.9302320452311184,-0.9235409309488836,-0.9168779959043536,-0.9102460748955331,-0.9036478451129716,-0.8970858186809694,-0.8905623389348043,-0.884079579619977,-0.8776395463562185,-0.8712440798356181,-0.8648948603267352,-0.8585934131397757,-0.8523411147755382,-0.8461391995358998,-0.8399887664184594,-0.8338907861545333,-0.8278461082794969,-0.8218554681487693,-0.8159194938325145,-0.8100387128382209,-0.8042135586233852,-0.7984443768710846,-0.7927314315097682,-0.7870749104654364,-0.781474931139863,-0.775931545612859,-0.770444745569995,-0.7650144669598586,-0.7596405943869666,-0.7543229652479774,-0.7490613736199725,-0.7438555739103571,-0.7387052842784476,-0.733610189839104,-0.728569945658893,-0.7235841795552513,-0.718652494708993,-0.7137744721003061,-0.7089496727781044,-0.7041776399722938,-0.6994579010581568,-0.6947899693816892,-0.690173345954337,-0.6856075210251835,-0.6810919755382514,-0.6766261824821833,-0.6722096081391832,-0.667841713239732,-0.66352195402921,-0.6592497832522256,-0.6550246510600979,-0.6508460058466201,-0.6467132950169285,-0.6426259656939931,-0.6385834653669804,-0.6345852424854646,-0.6306307470032138,-0.6267194308750451,-0.6228507485100119,-0.6190241571839803,-0.6152391174144531,-0.6114950933003105,-0.6077915528289615,-0.6041279681532403,-0.6005038158402192,-0.5969185770939729,-0.5933717379541875,-0.5898627894723834
2.0093928432930657,1.9803173060793342,1.9537499429814216,1.933416263045752,1.9198528051211563,1.9129641194536124,1.9125060932859188,1.918210063579584,1.9298157683118096,1.9470764354258967,1.9697545966101602,1.9976148539483325,2.030415876422231,2.067902526529863,2.1097985233228944,2.155799880645339,2.2055693163599805,2.258731829828257,2.314871655888002,2.3735308068448173,2.4342094000294465,2.496367931816069,2.559431597219591,2.622796667873082,2.68583883415197,2.747923296614693,2.8084162679414684,2.8666974315038516,2.922172809682321,2.974287436143883,3.0225372106668456,3.0664793473853207,3.105740906591742,3.1400250198430193,3.1691145665244678,3.1928732224261553,3.2112439613472494,3.224245234452601,3.2319651672812553,3.2345541934659248,3.2322165846444078,3.225201339457198,3.213792866196804,3.198301841155004,3.179056556515897,3.156394996066625,3.1306578012597734,3.1021822198703863,3.0712970684575085,3.0383186901575145,3.003547851632824,2.967267496786054,2.929741258884507,2.891212625359543,2.85190464893489,2.8120201031291194,2.7717419879774763,2.731234301679843,2.690643004727181,2.650097114073091,2.6097098755210535,2.5695799723105477,2.5297927366860637,2.4904213389221264,2.4515279348434715,2.4131647583705282,2.3753751501219593,2.338194516724024,2.3016512183248192,2.2657673840029804,2.23055965640217,2.196039868111888,2.1622156531380594,2.129090997338195,2.0966667319990386,2.0649409748626883,2.033909522903643,2.003566201059713,1.9739031709524473,1.9449112034200793,1.9165799184454442,1.8888979958060688,1.861853359513799,1.8354333388541546,1.8096248085863136,1.784414310626897,1.7597881593166484,1.7357325321602186,1.7122335477359667,1.6892773322951071,1.6668500764073464,1.6449380828626632,1.6235278069054049,1.6026058897564495,1.5821591862708764,1.56217478748149,1.5426400386916304,1.52354255370313,1.5048702256961257,1.4866112352159204
-11.02142653452234,-8.900426766258619,-7.8365997256636355,-7.152200133474523,-6.661329636584206,-6.286878930966239,-5.989506224044959,-5.746405180519194,-5.543140906484707,-5.36996345559894,-5.219944611294045,-5.087954181991897,-4.9700604034422,-4.863160823233818,-4.76474611505156,-4.67274446821261,-4.585416929372934,-4.5012861478867885,-4.4190876845051825,-4.337736908815925,-4.256306805692125,-4.174013407898232,-4.0902064436123275,-4.004363349622627,-3.9160851832286707,-3.825093249022298,-3.731225491085378,-3.634431916902779,-3.5347685320617233,-3.4323894791424117,-3.3275372863522295,-3.2205313320493856,-3.111754808152182,-3.001640606329978,-2.8906566461078618,-2.779291208241531,-2.6680388299163322,-2.5573872657693197,-2.447805930042543,-2.3397361227246964,-2.2335832196066887,-2.1297108851941378,-2.02843725859877,-1.930032973049147,-1.834720803420088,-1.7426766940511007,-1.654031899533481,-1.5688759708268758,-1.4872603338241488,-1.4092022328654052,-1.3346888435063442,-1.2636813934559776,-1.1961191651502388,-1.1319232858473105,-1.0710002400777614,-1.013245064041144,-0.9585442018831051,-0.9067780198394692,-0.857822986354861,-0.8115535349638301,-0.7678436325073598,-0.7265680786922426,-0.6876035645937426,-0.6508295179050783,-0.6161287619359943,-0.5833880138747121,-0.5524982459067711,-0.5233549306270888,-0.49585818993539466,-0.46991286437640833,-0.445428517748063,-0.4223193898012553,-0.40050430802057657,-0.3799065678201673,-0.3604537890145638,-0.34207775512608884,-0.3247142409582863,-0.30830283288633475,-0.29278674547626277,-0.278112637330501,-0.26423042845347156,-0.2510931209239383,-0.23865662423795725,-0.22687958633595556,-0.21572323103929014,-0.20515120238637868,-0.19512941616801377,-0.1856259188086944,-0.17661075361960032,-0.16805583435393845,-0.1599348259222742,-0.15222303207031596,-0.14489728978118566,-0.13793587013575787,-0.13131838534588564,-0.1250257016643327,-0.11903985787041116,-0.11334398903035081,-0.10792225523521481,-0.10275977502583084
-10.498421807781872,-7.2945091799924064,-5.817569315987727,-4.912685214174369,-4.282689547352658,-3.8108212000767363,-3.4402905660016767,-3.1395731723923195,-2.889506646882077,-2.677642981115322,-2.495474658487802,-2.336949546659863,-2.197620451731933,-2.0741310497149223,-1.9638910107489973,-1.8648628876138145,-1.7754178133060963,-1.6942350834922804,-1.6202305950432994,-1.552504771377006,-1.4903039604965838,-1.4329913443460014,-1.380024689526826,-1.3309391023633963,-1.2853335006796145,-1.2428598843889849,-1.2032147404440694,-1.1661320943514066,-1.131377845498369,-1.0987451132994874,-1.0680503864494464,-1.0391303156210578,-1.011839025714197,-0.9860458506648626,-0.9616334142571659,-0.9384959960426311,-0.9165381335781961,-0.8956734216287046,-0.87582347638706,-0.8569170386226239,-0.8388891943312633,-0.8216806951959272,-0.8052373641772128,-0.789509573993461,-0.7744517882383458,-0.7600221565125546,-0.7461821562865826,-0.7328962753200065,-0.7201317293830469,-0.7078582107938699,-0.6960476639277937,-0.6846740843947992,-0.6737133390374065,-0.6631430042867474,-0.6529422207422277,-0.6430915621193284,-0.633572916948602,-0.6243693816133606,-0.6154651634892991,-0.6068454931006801,-0.598496544338607,-0.5904053619001921,-0.582559795205856,-0.5749484381376153,-0.5675605740158937,-0.5603861252976686,-0.5534156075359355,-0.54664008719063,-0.5400511429252641,-0.5336408300623786,-0.5274016479052068,-0.5213265096632385,-0.5154087147462183,-0.5096419232149064,-0.5040201321980639,-0.498537654103941,-0.4931890964712907,-0.48796934331988784,-0.4828735378738802,-0.4778970665432559,-0.47303554405941206,-0.4682847996704098,-0.46364086431012796,-0.4590999586632798,-0.4546584820552376,-0.4503130021019015,-0.44606024506052866,-0.44189708682756823,-0.4378205445341746,-0.4338277686942825,-0.4299160358639247,-0.42608274177392136,-0.422325394901208,-0.41864161044690973,-0.41502910469186294,-0.41148568970264443,-0.4080092683633113,-0.40459782971001745,-0.40124944454746303,-0.3979622613277649
-13.536033408512253,-9.919919489590534,-8.166918793999853,-7.052554062206252,-6.253459692936489,-5.639827471683923,-5.147350711210715,-4.739757534606455,-4.394689168204927,-4.0974404154538036,-3.8378493966181315,-3.6086144327574248,-3.4043206877916994,-3.220846479517669,-3.054984986585466,-2.9041942300800283,-2.766426623901002,-2.6400096264639377,-2.5235602099562637,-2.4159223021237928,-2.316120196830399,-2.2233232939327277,-2.1368190249603902,-2.055991791176528,-1.9803063836929655,-1.9092947902088935,-1.8425455923901275,-1.7796953675075944,-1.7204216568883108,-1.6644371710309138,-1.6114849795307964,-1.5613344917651606,-1.5137780774360545,-1.4686282086057634,-1.4257150296274768,-1.3848842803977042,-1.3459955130901802,-1.3089205540312654,-1.2735421714199289,-1.239752916755993,-1.2074541135476538,-1.176554971446774,-1.1469718076534094,-1.1186273604272257,-1.0914501819872675,-1.0653741000850006,-1.0403377391859148,-1.0162840935608162,-0.9931601457232642,-0.97091652459734,-0.9495071985942288,-0.9288891994444108,-0.9090223731966383,-0.8898691552731632,-0.8713943668774358,-0.8535650303975093,-0.8363502017453837,-0.819720817827482,-0.8036495575609599,-0.7881107150400547,-0.7730800836207572,-0.7585348498344622,-0.7444534961651736,-0.7308157118328968,-0.7176023108203363,-0.7047951564628,-0.6923770919939081,-0.6803318765036788,-0.6686441258219598,-0.6572992578900226,-0.6462834422272404,-0.6355835531388818,-0.6251871263458237,-0.6150823187478889,-0.6052578710600887,-0.5957030730856709,-0.5864077314118599,-0.5773621393339048,-0.5685570488307201,-0.5599836444312736,-0.5516335188251746,-0.543498650083755,-0.5355713803695521,-0.5278443960225692,-0.5203107089211465,-0.5129636390238722,-0.5057967980067013,-0.4988040739165188,-0.49197961676877217,-0.4853178250226185,-0.4788133328723406,-0.4724609982985935,-0.4662558918274633,-0.4601932859493275,-0.4542686451531857,-0.44847761653548407,-0.442816020945537,-0.4372798446324645,-0.4318652313611476,-0.4265684749670841
10.920796319257162,7.399381342544476,5.701633216304231,4.623934343652998,3.850450240140718,3.255109105980902,2.7758263449404046,2.3778296026261274,2.0398743420113976,1.7481482702296018,1.49324831105725,1.2685467854773962,1.0692468264073929,0.8918054458647089,0.7335644275951703,0.5925043877000449,0.4670747482825517,0.3560720789892913,0.2585501740823628,0.17375154397028147,0.10105379554699345,0.03992673870083152,-0.010102429289121417,-0.04947752010289008,-0.07863634090662597,-0.09802886424045631,-0.10813092600799568,-0.1094536732936402,-0.10254895521772633,-0.08801089014864916,-0.06647392734058433,-0.03860782740993285,-0.005110092430966606,0.03330353591069901,0.07590983702826315,0.12198944493001385,0.1708380994420695,0.22177723157652163,0.2741634030498521,0.32739624421197533,0.38092466699294003,0.434251258011888,0.48693487191116946,0.5385915394077094,0.5888938748302432,0.6375692133478295,0.6843967304095165,0.7292037984869758,0.7718618233253818,0.8122817780867707,0.8504096232727039,0.8862217668015567,0.9197206849905679,0.9509307935573491,0.9798946294738722,1.0066693803141713,1.0313237778788507,1.0539353572419135,1.074588070600744,1.0933702369366998,1.1103728029740458,1.1256878877199672,1.1394075814747395,1.1516229701714118,1.162423356856794,1.171895653745613,1.1801239203161822,1.1871890251746045,1.1931684117499615,1.1981359501903524,1.2021618600370956,1.2053126903155875,1.2076513455696647,1.2092371480698552,1.210125927943008,1.2103701343072513,1.2100189616622745,1.209118486793861,1.207711812317834,1.2058392137272056,1.2035382874319092,1.2008440978070878,1.1977893217063595,1.194404389262659,1.1907176201017031,1.1867553543412879,1.1825420779517464,1.1781005422162278,1.1734518771601987,1.1686156989231313,1.1636102111263176,1.1584523003530336,1.1531576259042078,1.1477407040271208,1.1422149868388176,1.1365929361818319,1.1308860926591415,1.1251051400993537,1.1192599657030868,1.1133597161183137
-2.8799344235909072,-2.443478420091996,-2.134751291326522,-1.8893369183834903,-1.6821463002890449,-1.5003081328446708,-1.3362034759827945,-1.1849038000526022,-1.043024545876603,-0.9081429971902631,-0.7784754168885943,-0.6526860487412172,-0.5297685169184977,-0.40896937619255613,-0.28973731803962843,-0.17168848706756823,-0.054582082800055165,0.0616974857564625,0.17715439392549326,0.2916928842277111,0.40512768081785855,0.5171942259875993,0.6275593570940853,0.7358328126223148,0.841579749509318,0.9443342629280123,1.0436137252661857,1.1389336092461981,1.2298223400218369,1.3158356419639523,1.396569814965393,1.471673395752198,1.5408567300056242,1.603899093761031,1.660653145522152,1.7110466486428344,1.7550815605841108,1.7928307266402035,1.8244325287112733,1.850083917086121,1.87003229217585,1.8845667053706951,1.8940088188911703,1.8987040111816866,1.899012945529065,1.8953038434559075,1.8879456282348683,1.877302033187068,1.8637267080642692,1.8475593068518292,1.829122502387877,1.80871984677779,1.7866343804444156,1.7631278851253227,1.7384406753898272,1.7127918275292697,1.6863797523784025,1.6593830284044708,1.63196142217407,1.6042570342593523,1.576395519194206,1.5484873378556345,1.5206290094042139,1.4929043375695725,1.465385592600172,1.438134635658885,1.4112039769219427,1.3846377622342676,1.3584726860024303,1.3327388301801637,1.3074604308272475,1.2826565748975929,1.258341830722635,1.2345268161761425,1.2112187087995259,1.1884217022856705,1.1661374137076181,1.14436524577151,1.123102708199291,1.1023457021280234,1.0820887711666864,1.0623253224912004,1.0430478210941163,1.0242479600442307,1.005916809358439,0.9880449458470741,0.9706225660668998,0.9536395843042751,0.9370857173152022,0.9209505573690993,0.905223634978862,0.8898944725503648,0.8749526300493333,0.8603877436614752,0.8461895583119954,0.8323479548121528,0.8188529723123842,0.8056948266627799,0.7928639252115247,0.7803508785094084
-4.831541689098683,-4.169657036364137,-3.7434884606251964,-3.420383395488911,-3.158112666848172,-2.937016769774034,-2.7460717233614074,-2.5783625353120696,-2.4292129326050627,-2.295285168185118,-2.174098038483965,-2.063747641417353,-1.9627354415422806,-1.8698571508093464,-1.78412801848274,-1.704730921172514,-1.6309792774877,-1.562289914005495,-1.498162796975012,-1.4381656152424174,-1.3819218635358337,-1.3291014987212004,-1.2794135189468478,-1.2326000014121994,-1.1884312615976431,-1.1467018853568578,-1.1072274480275417,-1.069841779866461,-1.0343946700547466,-1.0007499258610397,-0.968783721751449,-0.9383831869946988,-0.9094451908184542,-0.881875292273298,-0.855586828261031,-0.830500118124716,-0.8065417671027102,-0.7836440540577536,-0.7617443913843633,-0.7407848470087204,-0.7207117200279176,-0.701475162868774,-0.6830288439413643,-0.6653296456663591,-0.6483373935052619,-0.6320146122479049,-0.6163263063352068,-0.6012397614356626,-0.5867243648660436,-0.5727514427622722,-0.5592941121749242,-0.546327146493222,-0.5338268527979879,-0.5217709599131612,-0.5101385160713674,-0.4989097952353034,-0.48806621122628707,-0.47759023890668223,-0.4674653417461427,-0.45767590517442347,-0.44820717518735803,-0.4390452017287393,-0.43017678642028484,-0.4215894342555398,-0.4132713089121982,-0.40521119137158323,-0.397398441564444,-0.38982296278930423,-0.3824751686737393,-0.3753459524705053,-0.36842665849973755,-0.361709055565696,-0.35518531219205435,-0.3488479735336428,-0.3426899398351022,-0.33670444631820295,-0.3308850443897729,-0.325225584071398,-0.31972019756038866,-0.3143632838390513,-0.30914949425616317,-0.30407371901075186,-0.2991310744739331,-0.29431689128971245,-0.2896267032003205,-0.2850562365459389,-0.28060140039255876,-0.2762582772452803,-0.2720231143076128,-0.26789231525031726,-0.26386243245606267,-0.25993015970866723,-0.256092325297993,-0.25234588551367665,-0.2486879185028052,-0.2451156184684436,-0.24162629018755138,-0.23821734382834026,-0.23488629004852252,-0.23163073535718276
10.65957644380021,8.596210812788165,7.56774369977176,6.908603774333434,6.437182904985024,6.078408535898844,5.794070093817391,5.5620551407433005,5.368384927781848,5.203625132605083,5.061074753521442,4.935772417573917,4.823915071255614,4.722500528100319,4.6290990056525345,4.541702792654711,4.458625295925895,4.378432448145672,4.299895968920926,4.2219617197313575,4.143728615858233,4.064434909449167,3.983449499711212,3.9002664684500825,3.8145014080451025,3.7258883828459,3.6342765928500347,3.539626019660647,3.4420015441582494,3.341565237213412,3.2385667351080616,3.1333318105752146,3.026249426196049,2.917757697014075,2.8083292838625917,2.698456782661,2.5886386677692848,2.479366294648485,2.371112378157215,2.264321250181949,2.159401077221701,2.056718097447659,1.9565928278418625,1.859298102459595,1.7650587365552235,1.6740525691295203,1.5864126168222779,1.5022300717189503,1.421557890367862,1.3444147466612137,1.270789153016126,1.2006435888838491,1.133918510151526,1.0705361454072646,1.010404013975494,0.9534181253787332,0.8994658402161992,0.848428388495141,0.8001830535659007,0.754605038486916,0.7115690374263076,0.6709505381373938,0.6326268831350124,0.596478117399686,0.5623876496328009,0.5302427525957241,0.4999349261430009,0.47136014440084517,0.44441900629440656,0.41901680639714056,0.39506354093633744,0.3724738617879635,0.35116698945899383,0.3310665943992497,0.31210065450972824,0.29420129541541984,0.2773046189379486,0.2613505242242773,0.24628252514811216,0.23204756688592304,0.2185958439652751,0.20588062157583165,0.19385806151019375,0.18248705375113966,0.1717290544333976,0.1615479306725866,0.15190981256327424,0.14278295249512263,0.13413759181472173,0.12594583476564347,0.11818152956599942,0.11082015642750087,0.10383872227947366,0.09721566193271186,0.09093074539919582,0.08496499107261163,0.07930058446969868,0.0739208022324111,0.06880994109458777,0.06395325152342618
6.910154727541892,4.081944498073646,2.87396508212589,2.179400132430845,1.7211940402277652,1.3934808350172414,1.1462130311112246,0.9523951721075158,0.7960817809744755,0.6672038216273218,0.5590675381569955,0.4670369516299247,0.3877918843410429,0.3188870560587901,0.2584782580704308,0.2051458789198588,0.15777752845897608,0.11548781588727208,0.07756220315143081,0.043416876715877684,0.01256952839866049,-0.015382278714916042,-0.04077737158118133,-0.0639033584922426,-0.0850061901055233,-0.10429762171251145,-0.1219610992789597,-0.13815644775443203,-0.15302363935609326,-0.16668584800765276,-0.17925194470236025,-0.19081855116004992,-0.20147174163961443,-0.21128846232412746,-0.2203377223542456,-0.22868159896818188,-0.23637609033394474,-0.2434718428286793,-0.2500147742208112,-0.25604661007025864,-0.2616053474047317,-0.26672565715107693,-0.27143923474590426,-0.2757751067031283,-0.279759899589079,-0.28341807678069664,-0.2867721475067568,-0.2898428519555081,-0.2926493256429099,-0.2952092457489781,-0.2975389617260264,-0.29965361214624353,-0.301567229474744,-0.30329283421801456,-0.3048425196986203,-0.3062275285386391,-0.3074583217914002,-0.3085446415393903,-0.30949556767222675,-0.3103195694694953,-0.3110245525366616,-0.3116179015762499,-0.3121065194194118,-0.3124968626935426,-0.3127949744586193,-0.3130065141074809,-0.31313678479257334,-0.313190758613049,-0.3131730997709995,-0.3130881858835154,-0.3129401276178093,-0.31273278679946626,-0.31246979312868156,-0.3121545596258841,-0.311790296916184,-0.3113800264514396,-0.3109265927592709,-0.31043267479987574,-0.3099007965039487,-0.3093333365582335,-0.3087325374991585,-0.30810051416956186,-0.30743926158860574,-0.3067506622805597,-0.30603649310416153,-0.30529843162065634,-0.30453806203537614,-0.3037568807447732,-0.30295630151816044,-0.30213766034099077,-0.30130221994431217,-0.30045117404304067,-0.299585651303874,-0.29870671906201507,-0.2978153868043637,-0.296912609435458,-0.2959992903411873,-0.2950762842641479,-0.29414440000345726,-0.29320440295087963
1.0524723276963748,0.7733055357403733,0.5793567849291352,0.4322889341663343,0.31590661868358194,0.22140087173844436,0.14331879433704775,0.07800385652746855,0.022866258679581808,-0.024002865104416182,-0.06405385842464706,-0.09841532320274315,-0.1279825780385231,-0.15347722150296805,-0.1754885903658654,-0.19450342729772485,-0.21092761708916452,-0.22510243757167792,-0.23731692510577718,-0.24781742974265986,-0.25681509988785023,-0.26449181637357455,-0.2710049481946668,-0.276491200951706,-0.281069758361447,-0.2848448669912629,-0.2879079781664634,-0.29033953451726324,-0.2922104690131966,-0.2935834696253923,-0.29451405161070676,-0.29505147087820327,-0.2952395053036334,-0.2951171257162757,-0.29471907424145494,-0.2940763644815665,-0.2932167154654821,-0.29216492924610016,-0.290943220369172,-0.28957150408991417,-0.2880676491131958,-0.28644769972871753,-0.2847260714658043,-0.28291572377296836,-0.2810283127112415,-0.27907432621845196,-0.27706320413891816,-0.2750034449072577,-0.2729027005163208,-0.270767861179693,-0.2686051309122294,-0.26642009509240805,-0.26421778093352366,-0.2620027116732726,-0.25977895519016414,-0.2575501676678712,-0.255319632853124,-0.2530902973872484,-0.2508648026345326,-0.24864551338105956,-0.24643454373438578,-0.24423378051666456,-0.24204490441070092,-0.23986940908939358,-0.23770861853351044,-0.23556370272027305,-0.2334356918454521,-0.23132548922418716,-0.229233883000303,-0.22716155678022742,-0.22510909929547274,-0.2230770131869132,-0.22106572299450378,-0.21907558242758907,-0.21710688098337938,-0.2151598499743963,-0.21323466801966862,-0.21133146604906639,-0.20945033186532552,-0.207591314304012,-0.2057544270277818,-0.2039396519878348,-0.2021469425823294,-0.20037622653872234,-0.1986274085444743,-0.19690037264828902,-0.1951949844520055,-0.19351109311141357,-0.1918485331626002,-0.19020712618892543,-0.18858668234236187,-0.18698700173170868,-0.1854078756890678,-0.18384908792496452,-0.18231041558156746,-0.18079163019271383,-0.17929249855844187,-0.17781278354147012,-0.17635224479201617,-0.17491063940703855
-3.0890210178025965,-1.6836625634151101,-1.122591646908039,-0.8308903053375826,-0.6640481737350109,-0.5667692866390208,-0.5129459562658254,-0.4885479293525251,-0.48533373257645923,-0.49813101582078495,-0.5235170497102444,-0.559120658361212,-0.6032268488071569,-0.6545400844963231,-0.7120358489162572,-0.774863944832628,-0.8422835676358101,-0.9136188104632821,-0.988227950500258,-1.0654825169039421,-1.1447536782824588,-1.2254043885253256,-1.3067862501694605,-1.388240338523209,-1.4691013635043229,-1.5487045851555155,-1.6263948824972354,-1.7015373341557534,-1.773528627550393,-1.8418085907317552,-1.9058711511870132,-1.965274076875252,-2.019646947635959,-2.068696934750333,-2.112212122298626,-2.1500622719454876,-2.182197097467951,-2.208642262262134,-2.229493430701873,-2.2449087852800407,-2.2551004633578646,-2.2603253719095453,-2.2608758112216676,-2.2570702866976244,-2.2492448202810826,-2.2377449978836577,-2.222918913821063,-2.205111103257161,-2.1846574928525264,-2.1618813503173686,-2.1370901760154903,-2.110573453674682,-2.0826011613933546,-2.053422936834184,-2.0232677899515723,-1.992344261045527,-1.9608409297793639,-1.928927190697197,-1.8967542216532203,-1.8644560826042404,-1.8321508928416854,-1.799942044569161,-1.7679194195467436,-1.7361605832241405,-1.7047319373606813,-1.6736898176292845,-1.6430815272098789,-1.612946301001398,-1.5833161979343782,-1.5542169210615686,-1.5256685667488887,-1.4976863054808716,-1.470280997619826,-1.4434597479910385,-1.4172264034709077,-1.3915819978841182,-1.366525148513409,-1.342052408426687,-1.3181585786595735,-1.294836984079277,-1.2720797165154838,-1.2498778484889843,-1.2282216206090901,-1.2071006054538576,-1.1865038504979208,-1.1664200024150349,-1.1468374148583556,-1.1277442416125716,-1.1091285168186504,-1.090978223794315,-1.0732813538110972,-1.0560259560412315,-1.0392001797540755,-1.0227923097212035,-1.0067907956809194,-0.9911842766157095,-0.9759616005091398,-0.9611118401710084,-0.9466243056503103,-0.9324885536939356
7.601633237402657,5.434491505207924,4.338707144668369,3.6290947500486292,3.1172148755544518,2.7248411555546816,2.4120975739323063,2.1559359150602124,1.9418491528512716,1.7601254609151378,1.6039526151556827,1.468374623577783,1.3496787122925018,1.2450158636189919,1.152155672689058,1.0693222333069787,0.995080904429154,0.9282581345805692,0.8678834051522242,0.81314635698327,0.7633645764194548,0.7179590154619504,0.6764349772916951,0.6383672242404874,0.603388183621439,0.5711785120300557,0.5414594766421448,0.5139867516184873,0.48854532763779956,0.46494530507264753,0.44301839458444414,0.42261498850093826,0.4036016960807074,0.3858592583370415,0.36928077537833515,0.35377019257592957,0.3392410022714383,0.32561512589892594,0.31282194785029005,0.30079747754781705,0.2894836203010216,0.27882754083900596,0.26878110609507133,0.25930039600809907,0.25034527289668584,0.24187900143597096,0.23386791248544891,0.22628110502747745,0.21909018131934332,0.21226901106738938,0.20579352102444948,0.19964150691165905,0.19379246498842362,0.18822744095321275,0.18292889416332403,0.17788057542268498,0.17306741681017157,0.16847543221281347,0.1640916273934696,0.1599039185651654,0.15590105856770975,0.15207256984923223,0.14840868354835057,0.1449002840537268,0.14153885848856096,0.1383164506294633,0.13522561882342088,0.13225939751422,0.12941126203160525,0.12667509633338703,0.12404516342334138,0.12151607819654997,0.11908278248938586,0.11674052213399422,0.11448482583722408,0.11231148572188188,0.11021653938411313,0.10819625333493355,0.10624710770665324,0.104365782116282,0.10254914258818593,0.10079422944739247,0.09909824610312346,0.0974585486494991,0.09587263621697584,0.09433814201404767,0.09285282500411496,0.09141456216728394,0.09002134130123929,0.088671254319303,0.08736249100738736,0.08609333320479429,0.0848621493767765,0.08366738954944619,0.08250758058005814,0.08138132173790669,0.08028728057309165,0.07922418905224182,0.07819083994196763,0.07718608342233035
1.0242311665401997,1.2164735229435728,1.2981330880055233,1.3479677527018294,1.3857920972194817,1.41915895485511,1.451602425316238,1.4849906715599004,1.5203886893794314,1.5584284360422682,1.5994853026158615,1.6437685303872178,1.6913697400337875,1.7422896378662787,1.7964528055059874,1.853715838642067,1.9138718385273639,1.9766530951921908,2.0417331687623497,2.1087292081341014,2.177205111189492,2.246675957802547,2.3166139987091245,2.3864563408194894,2.45561432515915,2.523484447671542,2.589460531600309,2.6529467327983864,2.713370857500576,2.770197406824427,2.8229397419709383,2.8711707929177916,2.914531810064435,2.9527387759256563,2.9855862408712897,3.012948508146391,3.0347782529611695,3.051102803437873,3.0620184258156113,3.067683035026521,3.0683077918207458,3.064148050742582,3.0554940946977522,3.042662039142053,3.025985220567332,3.0058063082564166,2.982470302434619,2.9563185115662303,2.9276835404378954,2.896885270926516,2.86422777959394,2.829997109993467,2.7944598015710813,2.75786206963256,2.720429530210325,2.682367368032215,2.6438608535746546,2.605076125027438,2.5661611618283273,2.5272468874273883,2.488448349533992,2.44986593590257,2.411586592505755,2.37368501862545,2.336224819952069,2.2992596062676744,2.262834024785474,2.226984723831875,2.191741244401811,2.157126839306221,2.123159221269398,2.089851242520459,2.057211509243817,2.025244934782779,1.9939532357916894,1.963335375658427,1.9333879595140933,1.9041055850458553,1.8754811531604703,1.8475061423322785,1.8201708502279565,1.7934646059442139,1.7673759559339839,1.7418928264388087,1.7170026649951688,1.6926925633442287,1.6689493638498472,1.6457597513203712,1.623110331935981,1.600987700805395,1.5793784995132087,1.5582694648713065,1.5376474699540381,1.5174995583761293,1.497812972663775,1.4785751774720086,1.459773878314354,1.4413970363929733,1.4234328800482339,1.4058699132849093
10.642645279473511,7.484295613399217,6.055535755629796,5.195097703266173,4.604563001756782,4.167130276578636,3.826334455282778,3.5510813703882116,3.3226519672517436,3.129019466788649,2.9620629360418596,2.8160790542773158,2.6869325734903775,2.571544816528629,2.467571943685899,2.3731950569553835,2.286978959165551,2.207774549530222,2.134649797847697,2.0668399307194356,2.003710832891648,1.9447317254192202,1.8894544752157771,1.8374977227541418,1.788534562312413,1.7422828767719616,1.6984976802306417,1.6569649962660888,1.6174969228077696,1.5799276226175407,1.544110042135852,1.5099132081656363,1.4772199864668745,1.4459252122224657,1.4159341218870474,1.387161030825709,1.359528212591184,1.3329649445446603,1.3074066914306548,1.2827944039370711,1.259073913554274,1.23619540845127,1.2141129778086728,1.1927842142359173,1.1721698656679889,1.1522335295724835,1.1329413834690627,1.1142619467233008,1.0961658693670542,1.0786257443505507,1.0616159401733278,1.0451124512925478,1.029092764084616,1.0135357364526474,0.998421489438889,0.9837313094263042,0.9694475597043047,0.9555536003357054,0.942033715400164,0.9288730468075101,0.916057533975612,0.9035738587544818,0.8914093950533317,0.8795521626920948,0.8679907850550751,0.8567144501731054,0.8457128749030289,0.8349762719102971,0.8244953191928216,0.8142611319125584,0.804265236326147,0.7944995456278428,0.7849563375372368,0.7756282334813016,0.7665081792353776,0.7575894269010629,0.7488655181108448,0.7403302683598648,0.7319777523746087,0.7238022904367303,0.7157984355876994,0.7079609616467167,0.700284851980352,0.6927652889677876,0.685397644110429,0.6781774687390265,0.6711004852754293,0.6641625790096601,0.657359790356252,0.6506883075567156,0.6441444597976707,0.6377247107165979,0.6314256522693602,0.6252439989356501,0.6191765822403432,0.6132203455704066,0.6073723392685282,0.6016297159860309,0.5959897262789052,0.5904497144319664
1.3097659443647531,1.2691554392253288,1.2012220081465739,1.1402029626121188,1.088654936590671,1.045394676269824,1.0088851837254984,0.9777947121296886,0.9510562942352832,0.9278310088986669,0.9074600660255402,0.889423693554855,0.8733090700114527,0.8587860038133299,0.8455885907864298,0.8335013357851966,0.8223485800512496,0.8119863807852545,0.8022962210410595,0.7931800968244196,0.7845566495383027,0.7763580988783064,0.7685277938944046,0.7610182453258008,0.7537895354920243,0.7468080264855592,0.7400453056087111,0.7334773206530598,0.7270836679540376,0.7208470040371535,0.7147525577334036,0.7087877243349097,0.7029417270213144,0.6972053336591877,0.6915706193439088,0.6860307668536889,0.6805798986223996,0.675212934990753,0.6699254744246705,0.6647136921420495,0.6595742542008393,0.6545042446005868,0.6495011033585996,0.644562573858077,0.6396866580428215,0.6348715782625152,0.630115744762832,0.6254177279729692,0.6207762348752057,0.616190088851493,0.6116582124945851,0.6071796129489055,0.602753369411724,0.5983786224803396,0.5940545650775373,0.5897804347268305,0.5855555069835527,0.5813790898521971,0.577250519052513,0.5731691540073707,0.5691343744508955,0.5651455775662997,0.5612021755767194,0.5573035937231389,0.5534492685728092,0.5496386466095716,0.5458711830643576,0.5421463409500226,0.5384635902697323,0.5348224073724671,0.5312222744329429,0.5276626790364742,0.5241431138520657,0.5206630763794038,0.5172220687574817,0.5138195976243485,0.51045517401901,0.5071283133178143,0.5038385351987893,0.5005853636283841,0.4973683268658869,0.49418695748153685,0.491040792384958,0.4879293728610794,0.4848522446111732,0.48180895779703,0.47879906708663533,0.4758221317000004,0.47287771545404816,0.4699653868056711,0.46708471889225384,0.46423528956911414,0.4614166814434408,0.4586284819044208,0.45587028314934197,0.45314168220553275,0.4504422809480694,0.4477716861132326,0.44512950930774337,0.44251536701383976
-7.648740943861146,-4.734978811166988,-3.464858524222611,-2.7162857488889887,-2.20691639267444,-1.8284186472328083,-1.5293986850554218,-1.2820522257023872,-1.0699202652128101,-0.8826014336794948,-0.7131926167918705,-0.5569403252271383,-0.4104817946124749,-0.2713950242802301,-0.13792037046430183,-0.008781995674119192,0.11693033085508142,0.2398418929750361,0.36034987435126875,0.4786649581704605,0.5948431933458308,0.7088117589445782,0.8203910447069385,0.9293146417669755,1.0352482479603897,1.1378080491285054,1.2365787945491582,1.3311315178953704,1.4210406555720851,1.5059001794875537,1.5853382909255926,1.659030214469185,1.7267086806455187,1.788171783517468,1.8432880312345392,1.891998557315528,1.9343166111986558,1.970324582804455,2.0001689251887815,2.0240534139368327,2.0422312187477103,2.054996263191058,2.062674317983527,2.0656142187587436,2.064179529605402,2.0587408968516536,2.0496692608384808,2.0373300223144266,2.0220781983751372,2.0042545526285327,1.9841826460968264,1.9621667287638742,1.9384903753848466,1.9134157615202256,1.8871834749136818,1.8600127615280382,1.832102113186364,1.8036301134843706,1.7747564693639295,1.7456231666472806,1.7163556983454666,1.687064324289571,1.657845329367045,1.628782255276348,1.5999470872285602,1.5714013824716033,1.5431973319758203,1.515378750204038,1.4879819907079859,1.4610367874585366,1.434567023436145,1.4085914291768948,1.3831242147746905,1.3581756393556763,1.3337525223301032,1.309858700842484,1.286495437826284,1.2636617849600005,1.2413549046453842,1.2195703549080248,1.1983023408728963,1.1775439362058941,1.1572872776468366,1.1375237354971313,1.1182440626713972,1.0994385246804352,1.0810970126851143,1.0632091415484517,1.0457643346167915,1.0287518967806089,1.0121610772007616,0.9959811229362042,0.98020132457362,0.9648110548370863,0.9497998010458564,0.9351571921896449,0.9208730213024571,0.9069372637370916,0.8933400918720983,0.8800718867203343
3.5349100243671723,3.2046353486594015,3.0162182437241576,2.8801912880634566,2.771981762233987,2.6812908458465383,2.6027787401439277,2.533291024477597,2.4707928343756675,2.4138862525728193,2.361564856965816,2.3130775171860254,2.267847499897716,2.2254217347530187,2.1854375473709027,2.147600024261558,2.1116661258565506,2.077433237972693,2.044730733463794,2.013413630427819,1.9833577449358732,1.9544559310651624,1.9266151263286948,1.8997540032670077,1.8738010837650814,1.8486932110977483,1.8243743016856881,1.8007943178010222,1.7779084164197319,1.7556762396785435,1.7340613200336794,1.7130305789746547,1.6925539025298053,1.6726037801719738,1.653154996350143,1.6341843659217434,1.61567050637694,1.5975936410308271,1.5799354283871665,1.5626788137046026,1.545807899466064,1.5293078319972877,1.513164701926417,1.4973654565432268,1.4818978224191608,1.4667502369002567,1.451911787293779,1.4373721567437632,1.4231215759367999,1.4091507799022653,1.3954509692748427,1.3820137754748552,1.3688312293363059,1.3558957327757752,1.3432000331492904,1.3307371999903865,1.3185006038621108,1.3064838970896628,1.294680996169575,1.283086065676549,1.2716935035108357,1.2604979273479247,1.2494941621686728,1.2386772287622356,1.2280423331065697,1.2175848565420826,1.207300346663472,1.1971845088630704,1.187233198466275,1.1774424134060286,1.167808287388924,1.1583270835104578,1.148995188281338,1.1398091060305906,1.1307654536546599,1.1218609556847103,1.1130924396470447,1.1044568316939474,1.095951152484397,1.0875725132960092,1.0793181123512556,1.071185231342546,1.0631712321421214,1.0552735536839266,1.0474897090057416,1.039817282440835,1.0322539269492985,1.0247973615800352,1.017445369055088,1.0101957934686687,1.0030465380938387,0.9959955632903352,0.9890408845075321,0.9821805703769682,0.9754127408892888,0.9687355656508188,0.9621472622153218,0.9556460944868131,0.949230371189582,0.942898444401836
14.265160750825663,10.8046767223384,9.147455892015621,8.100821482600534,7.352685967648289,6.778654399752754,6.317480589893723,5.934816733360104,5.609608067286855,5.328083985165578,5.080781786300229,4.860940712928871,4.663575711957099,4.48491395496824,4.322036720755987,4.172643331963426,4.034890656100936,3.9072810442962096,3.78858226402392,3.6777691233824257,3.57398014327962,3.4764848829726844,3.384658945712139,3.2979646118352823,3.2159356562443824,3.1381653189704553,3.0642966807222805,2.994014893317128,2.9270408554094294,2.863126025042747,2.8020481342293415,2.743607625083673,2.687624667523074,2.6339366490295264,2.582396050130174,2.5328686370121627,2.4852319164132446,2.439373808620698,2.3951915027989354,2.352590465491839,2.3114835784133825,2.2717903858533743,2.2334364354146574,2.196352698539848,2.1604750595150244,2.1257438634594266,2.0921035153058103,2.0595021230095276,2.027891179245966,1.9972252767056444,1.9674618528056618,1.9385609602308078,1.9104850602178187,1.8831988359184781,1.8566690235349068,1.830864259224251,1.8057549400290538,1.7813130973110538,1.7575122813560884,1.7343274559811053,1.711734902115083,1.689712129447448,1.668237795343072,1.6472916303146439,1.6268543694230846,1.6069076890463776,1.5874341485182208,1.5684171361914014,1.549840819527804,1.531690098858391,1.513950564493002,1.496608456892147,1.4796506296415681,1.4630645149957378,1.4468380917790449,1.4309598554535232,1.415418790179902,1.4002043427148128,1.3853063980012994,1.370715256322674,1.356421611901276,1.3424165328340965,1.3286914422665714,1.3152381007142737,1.3020485894498555,1.2891152948794675,1.2764308938391244,1.2639883397471243,1.251780849553767,1.2398018914342783,1.2280451731750779,1.2165046312074066,1.2051744202458399,1.1940489034924382,1.1831226433702202,1.1723903927523405,1.1618470866558142,1.1514878343708852,1.141307911999216,1.1313027553759758
183.0600298731702,100.3605084480199,70.72156954427922,55.26268490591749,45.705725141331676,39.18592221472207,34.441403747108474,30.82726581771335,27.978556953823976,25.672742289163764,23.766131420167767,22.161630595750268,20.79115721340698,19.60547730059248,18.568046590798513,17.651126889739764,16.833253692300403,16.09753700347802,15.430492856911732,14.82122250660453,14.260825028041628,13.741969955445164,13.258581616820774,12.805602564716779,12.378813637729715,11.974694875727975,11.590316032730335,11.223248566645188,10.871493218323206,10.533418925710349,10.207710041221533,9.893319749281254,9.589428288953233,9.29540511907089,9.010774550163783,8.735184630976699,8.468379236908602,8.210173382370947,7.960431788455931,7.7190507010273866,7.485942890988664,7.261025694398167,7.044211878435461,6.83540305934668,6.634485355985032,6.441326939551201,6.255777136030677,6.077666750106344,5.906809304384443,5.743002921614424,5.5860326163650695,5.435672803007403,5.291689866209987,5.153844676580146,5.021894966388845,4.895597507896734,4.7747100595198715,4.658993063138214,4.548211089678118,4.442134040233419,4.340538117014381,4.243206582909512,4.149930330948672,4.060508285942353,3.9747476604462375,3.8924640862962505,3.8134816415446102,3.7376327909097484,3.664758255989387,3.5947068295909768,3.527335146687314,3.462507422760825,3.4000951686900738,3.3399768898738924,3.2820377759877717,3.2261693866220194,3.1722693370545025,3.1202409875520605,3.069993138861835,3.0214397359339116,2.9744995813967434,2.9290960598747278,2.8851568738811406,2.8426137917289718,2.8014024076674104,2.7614619142642804,2.722734886907152,2.6851670801816176,2.6487072357986876,2.613306901679575,2.5789202617612026,2.5455039760560076,2.5130170304821737,2.4814205959727746,2.4506778963723175,2.4207540846353353,2.391616126852293,2.363232693642191,2.3355740584679103,2.3086120024485672
176.54818374358365,95.0097519080616,65.93697672558226,50.813026419003194,41.47006393873559,35.09086379716491,30.438153524679056,26.88132699612669,24.064462655524757,21.771109576398246,19.8619039417221,18.24297929262453,16.848768180787072,15.632078540539515,14.558087645450712,13.600558835797491,12.739375873691168,11.958887981292367,11.246769824832072,10.593217709985982,9.990370574852074,9.431884423232818,8.91261340490449,8.428366234131362,7.975716651034803,7.551853260374706,7.154458566402771,6.781610109552666,6.431698762356828,6.103360747942304,5.795420991172033,5.506846124198713,5.2367059320576566,4.9841423051373,4.748344915769495,4.528532898666231,4.323941825226301,4.133815248770894,3.9574000834874266,3.7939450791418037,3.6427016746071237,3.5029265582398166,3.373885329842544,3.2548567420904506,3.1451370920597035,3.044044428886513,2.95092233538603,2.8651431248383568,2.7861103658933937,2.713260707035391,2.6460650170229068,2.584028889961354,2.5266925846474018,2.47363047939603,2.4244501276853865,2.3787909985196696,2.3363229801057965,2.296744717691136,2.2597818473590405,2.22518517809388,2.1927288651298955,2.1622086089050825,2.1334399061020393,2.1062563723969303,2.0805081506867653,2.0560604136931175,2.0327919658757434,2.010593946438371,1.989368632767496,1.969028341808684,1.949494425553979,1.930696355897384,1.91257089353184,1.8950613352405323,1.8781168338180285,1.8616917848927872,1.8457452750713568,1.8302405860527715,1.815144749643232,1.8004281489153786,1.7860641610875183,1.7720288380341238,1.7583006206707974,1.744860083778603,1.7316897081396652,1.7187736771454993,1.7060976953101146,1.693648826370675,1.6814153488894936,1.6693866274826326,1.6575529979932995,1.6459056651033788,1.634436611035009,1.6231385141372565,1.6120046762817997,1.6010289581073889,1.5902057212566794,1.5795297768421048,1.5689963394606627,1.558600986151825
181.55116415943098,98.62859079754809,68.94126062045467,53.45633954350075,43.874173898270975,37.32632028549887,32.550925592471344,28.903930027379523,26.02134268732314,23.68152674740567,21.741594223823537,20.10516532188234,18.704798687943903,17.49184363382758,16.430292337086783,15.492903367731135,14.658672851326086,13.911135748149377,13.237195289767026,12.626298085710319,12.069841169043128,11.560738148247202,11.093096682705012,10.661975246983001,10.26319728361493,9.89320750529651,9.548959570406527,9.22782739868145,8.927534502007397,8.646097187449842,8.38177854592123,8.133050902166827,7.898564958305875,7.677124273947882,7.467664032177558,7.269233271226017,7.080979936701395,6.90213824329855,6.73201793835995,6.569995140094017,6.415504486232758,6.268032378544573,6.127111147982344,5.992313996652965,5.8632505979928675,5.73956325686092,5.620923547741378,5.507029362678296,5.3976023115554055,5.292385426374297,5.191141128647601,5.0936494252126145,4.999706302922322,4.909122296975078,4.821721211253638,4.737338972081459,4.655822599368533,4.577029281290959,4.500825540493857,4.4270864813797965,4.355695109388851,4.286541714328109,4.219523310798239,4.154543129617232,4.091510154877954,4.03033870191363,3.9709480319986863,3.9132620000935705,3.857208732361681,3.8027203305529156,3.7497326006691574,3.6981848036082754,3.6480194257305354,3.5991819675089296,3.5516207486169753,3.505286727977228,3.4601333374439123,3.4161163279262534,3.373193626877385,3.331325206178899,3.290472959544836,3.25060058865257,3.211673497282735,3.1736586928172694,3.136524694504529,3.1002414479542475,3.064780245373388,3.0301136510974493,2.9962154320109096,2.963060492485843,2.9306248134996116,2.8988853956213925,2.867820205583373,2.8374081261761237,2.8076289092290887,2.778463131456629,2.7498921529677527,2.7218980782537923,2.6944637194829513,2.667572561944051
184.34223639517143,100.11146114622035,69.79381622487242,53.93051336416312,44.09738633719785,37.3734649154485,32.47017749141617,28.728198196319795,25.77408909669393,23.38001666149061,21.39884388893141,19.731174253661287,18.30736383496093,17.077116622388488,16.003172215385547,15.057320327445485,14.217797545750532,13.467536536833215,12.792958231231093,12.183119765249648,11.629101379412278,11.12355740213499,10.660382151633463,10.234457762899254,9.84146136415461,9.477715880215333,9.140073335452437,8.825822664631284,8.532616213926289,8.25841064405077,8.001419038365363,7.760071806679921,7.532984551096724,7.318931485398538,7.116823316688566,6.925688736896766,6.744658853305153,6.572954026341599,6.409872690307103,6.254781816265725,6.107108741790082,5.966334143878317,5.831985972322081,5.703634193503382,5.580886220846182,5.463382929331877,5.350795168670891,5.242820703728796,5.139181522275242,5.039621459558236,4.943904096999521,4.851810898770346,4.763139555388604,4.677702507976033,4.595325630586467,4.515847051190989,4.439116094586652,4.364992332766372,4.293344730217122,4.22405087325786,4.156996273934008,4.092073740189436,4.0291828050717555,3.9682292086179785,3.909124426837448,3.851785242875119,3.7961333560164627,3.7420950246978637,3.689600740124529,3.638584927480395,3.5889856720493167,3.540744467860312,3.4938059867274425,3.4481178657818465,3.403630511793482,3.3602969207568396,3.3180725113712186,3.27691497118469,3.2367841142938354,3.197641749600694,3.1594515587256318,3.1221789827617137,3.0857911171335974,3.0502566138933105,3.0155455908473177,2.981629546964964,2.9484812835682943,2.9160748308482285,2.8843853792924468,2.8533892156468132,2.8230636630650316,2.793387025130915,2.7643385334645343,2.7358982986477764,2.708047264226952,2.6807671635700174,2.6540404793741694,2.6278504056361007,2.6021808119121697,2.577016209709484
-181.76156948676834,-99.07520220956692,-69.47897973316498,-54.0597890036056,-44.537533228225705,-38.048942190476964,-33.333911679936726,-29.749078858097885,-26.930767949030702,-24.657496924047692,-22.78645217928969,-21.2212772176259,-19.894512522258665,-18.757449301361312,-17.773979878718194,-16.916718229982425,-16.164468060622152,-15.500521542608848,-14.911487189837965,-14.38646472423572,-13.91645347401347,-13.493921679234013,-13.112489052009472,-12.766690590856596,-12.451799670373232,-12.163694964229647,-11.898760095910468,-11.653807837680434,-11.426022692025406,-11.212917112050535,-11.012297657175772,-10.822238174399114,-10.641057730704182,-10.46730155215322,-10.299723679534017,-10.1372704430544,-9.979064193840365,-9.824387007531344,-9.672664293706575,-9.523448404307636,-9.376402437478786,-9.231284486170324,-9.087932591777857,-8.94625064188166,-8.806195408066431,-8.667764864478235,-8.53098786845275,-8.395915227627953,-8.262612127861626,-8.131151855583376,-8.001610717929331,-7.874064043945275,-7.748583139296668,-7.625233063817648,-7.5040711042027475,-7.385145821548852,-7.268496563796956,-7.154153345136766,-7.0421370071099165,-6.932459588717958,-6.825124844774166,-6.720128862689055,-6.61746073765759,-6.517103274746642,-6.419033693673457,-6.323224318185064,-6.229643236995043,-6.138254927325482,-6.049020835362626,-5.961899910486241,-5.87684909208928,-5.793823749269507,-5.712778074740014,-5.633665435049949,-5.556438679697789,-5.481050412013387,-5.407453224828164,-5.335599903983253,-5.265443602673365,-5.196937989514078,-5.130037373070785,-5.0646968054137,-5.000872167076057,-4.938520235600312,-4.877598739666079,-4.818066400607817,-4.759882962953,-4.703009215444687,-4.647407003856896,-4.593039236767741,-4.539869885323823,-4.487863977909729,-4.43698759052806,-4.387207833597771,-4.338492835790948,-4.29081172544968,-4.2441346100548465,-4.198432554156435,-4.153677556119978,-4.109842523994955
-168.73263936901185,-89.53765630380951,-61.55896510739881,-47.13061769846794,-38.294616640318125,-32.314638697015,-27.99249799161702,-24.719300598507125,-22.152389126851062,-20.083989307318078,-18.380707246384258,-16.95294097116093,-15.738253017428914,-14.691790594052845,-13.780495971492082,-12.97946467343081,-12.26957544196047,-11.635902025571276,-11.06662141310328,-10.552246342324263,-10.085074962616586,-9.65878916775897,-9.268156744028293,-8.908807311877089,-8.577061571261902,-8.269799616708411,-7.984358273672916,-7.718450257340791,-7.470099926358385,-7.2375917879873946,-7.019428896067226,-6.8142989929039715,-6.621046763638633,-6.438650952992654,-6.266205378192522,-6.102903085241906,-5.948023057491266,-5.8009190091471465,-5.661009891677123,-5.527771815056211,-5.400731143638894,-5.279458571952367,-5.163564021742614,-5.0526922303079616,-4.946518923145911,-4.84474748245382,-4.747106038010372,-4.653344919154091,-4.563234416535709,-4.476562810496777,-4.39313462966581,-4.312769108940737,-4.235298820660561,-4.160568456634053,-4.088433741928142,-4.0187604640356485,-3.9514236033315515,-3.886306552662571,-3.82330041555619,-3.762303373931312,-3.703220117383509,-3.6459613271363267,-3.5904432086236677,-3.5365870674193087,-3.4843189238771233,-3.4335691624049844,-3.38427221177992,-3.336366253332732,-3.2897929541962494,-3.244497223130498,-3.2004269867167903,-3.1575329839568527,-3.1157685775271275,-3.0750895801265488,-3.03545409452173,-2.996822366039573,-2.9591566463864405,-2.9224210677872597,-2.8865815265392194,-2.8516055751646854,-2.8174623224279207,-2.7841223405514848,-2.7515575790317275,-2.71974128450957,-2.6886479262035885,-2.658253126457902,-2.6285335959982135,-2.5994670735259966,-2.571032269313844,-2.543208812494648,-2.51597720176412,-2.4893187592402803,-2.4632155872454478,-2.4376505277959937,-2.4126071246030616,-2.388069587403688,-2.3640227584564935,-2.340452081049547,-2.317343569880146,-2.2946837831774105
-174.64641210252185,-93.94010690987957,-65.2371114170794,-50.33763011900045,-41.14955744999904,-34.88478287659745,-30.320216144890193,-26.83321989613737,-24.072795430418733,-21.825743597309046,-19.95495743065279,-18.368197224564785,-17.00110358202082,-15.807403385667902,-14.752986911738706,-13.812179954745744,-12.965316261233701,-12.197109445595661,-11.495532381188305,-10.851027686663624,-10.255939424536976,-9.704095676213852,-9.190495897649829,-8.711072232925991,-8.262503835218558,-7.842069778443173,-7.447530560267627,-7.077031237268491,-6.729021350975196,-6.402188285088375,-6.095401722933126,-5.807667572577227,-5.53809018089108,-5.2858419314453275,-5.050139465734455,-4.830225825214432,-4.625357818450667,-4.434797901974578,-4.257809847010475,-4.093657461802609,-3.9416056588917296,-3.8009232005738296,-3.6708865215938493,-3.5507841105429563,-3.4399210236018756,-3.3376231991794296,-3.2432413333994705,-3.156154159438836,-3.0757710451908133,-3.0015338819907553,-2.9329182819253328,-2.8694341333291216,-2.8106255849202557,-2.7560705404850405,-2.705379750049937,-2.658195581962913,-2.61419055493222,-2.5730657012629807,-2.5345488234305553,-2.498392696601149,-2.4643732603751234,-2.4322878343031222,-2.401953383857808,-2.373204856659027,-2.345893602878272,-2.3198858888578595,-2.295061508999755,-2.271312497813757,-2.2485419415612014,-2.2266628870833314,-2.20559734406321,-2.185275376045177,-2.1656342749450754,-2.146617813457444,-2.128175569642952,-2.110262318010337,-2.092837481551478,-2.0758646394125018,-2.0593110851618923,-2.043147430927694,-2.027347253004213,-2.0118867748620453,-1.996744583825013,-1.981901377997277,-1.9673397403291302,-1.9530439369980006,-1.9389997375503087,-1.9251942544993215,-1.9116158003039745,-1.8982537598641434,-1.8850984768597687,-1.872141152435612,-1.859373754891213,-1.8467889391780765,-1.8343799751343721,-1.822140683502718,-1.8100653788799477,-1.7981488188403936,-1.7863861585569525,-1.7747729103182437
-164.66451522607693,-84.8317659825284,-56.71574705587717,-42.28218106476725,-33.49122250155894,-27.578543497969527,-23.33410692237303,-20.143321118562618,-17.660551813853022,-15.676380829554962,-14.05647413719066,-12.710682868694532,-11.576252251790756,-10.608150908897317,-9.773228606437645,-9.046542862094004,-8.408969392793939,-7.845601538498075,-7.3446504963048405,-6.896672559653739,-6.4940152577953105,-6.130413303863833,-5.800689113453545,-5.50052762542871,-5.226304773720606,-4.974955268959472,-4.743869569187189,-4.530812791383917,-4.333860302137443,-4.151346120049687,-3.9818212543810816,-3.824019819004222,-3.6768312815462476,-3.539277591321941,-3.410494215253598,-3.289714325553682,-3.176255545605769,-3.0695087848124496,-2.9689287889639697,-2.8740261070206596,-2.784360233301344,-2.6995337297773885,-2.6191871693564552,-2.5429947698558966,-2.470660611443287,-2.4019153489028584,-2.336513345124258,-2.274230164439198,-2.2148603744230435,-2.158215612978066,-2.1041228842727198,-2.0524230527034186,-2.0029695086907173,-1.9556269839954767,-1.9102704974820952,-1.866784414977976,-1.8250616091716565,-1.7850027074303447,-1.746515417060832,-1.70951391893501,-1.673918321592678,-1.639654168953034,-1.6066519956397207,-1.5748469246749535,-1.544178302945145,-1.5145893703991287,-1.4860269594237552,-1.4584412212612912,-1.431785376697965,-1.4060154885709646,-1.3810902539188394,-1.3569708138431178,-1.3336205793618796,-1.3110050717229966,-1.2890917758091907,-1.2678500054120785,-1.2472507792803085,-1.227266706960073,-1.2078718835464928,-1.1890417925533079,-1.1707532161872718,-1.1529841523839595,-1.1357137380243,-1.1189221778070664,-1.1025906783024393,-1.0867013867565025,-1.0712373342564903,-1.0561823829025836,-1.0415211766642414,-1.0272390956281017,-1.0133222133705817,-0.9997572572118417,-0.9865315711290357,-0.9736330811259352,-0.9610502628733955,-0.9487721114508239,-0.9367881130330696,-0.9250882183800481,-0.9136628179981782,-0.9025027188533352
-177.75988256693643,-96.71274339883894,-67.93975142144562,-53.039784473670196,-43.880173842831475,-37.65939288366624,-33.14858076915878,-29.72213094815829,-27.027282159114566,-24.84964872928059,-23.051228654767904,-21.53903666169243,-20.248040648971507,-19.13132395946543,-18.154136844103895,-17.29015376159058,-16.519038129401224,-15.824811749111545,-15.194735819718263,-14.618526508950909,-14.087794738104494,-13.595639431740562,-13.136347689249714,-12.705170527849273,-12.298152619720648,-11.912000885612551,-11.543981155874805,-11.19183512368894,-10.85371196166258,-10.528110543379714,-10.213829387710204,-9.909922338315331,-9.615658673150133,-9.330486851883915,-9.054001481264201,-8.785913330578722,-8.526022380081653,-8.274193953033322,-8.03033798597426,-7.794391451286159,-7.566303879315692,-7.346025850515164,-7.133500254179385,-6.928656048697448,-6.731404214270557,-6.541635564847001,-6.359220080940724,-6.184007436475497,-6.015828417189145,-5.854496961419699,-5.699812592414165,-5.55156305130077,-5.409526978894715,-5.273476530660437,-5.143179841225174,-5.01840328222106,-4.898913479786246,-4.784479075976817,-4.674872232047035,-4.569869881583533,-4.469254748413559,-4.37281614862514,-4.280350598473137,-4.1916622508733585,-4.106563183010556,-4.024873556638238,-3.9464216711951785,-3.871043928112426,-3.7985847227917064,-3.728896278815432,-3.6618384370795227,-3.5972784107761555,-3.5350905155261456,-3.4751558824870687,-3.4173621609488727,-3.361603215771526,-3.307778824011847,-3.2557943742184476,-3.2055605711324366,-3.156993147904127,-3.11001258740941,-3.064543853811303,-3.0205161351507166,-2.977862597455005,-2.936520150613749,-2.8964292260799653,-2.857533566303857,-2.8197800256888743,-2.7831183827705326,-2.747501163252189,-2.712883473484794,-2.6792228439457793,-2.646479082252953,-2.6146141352399432,-2.5835919596181793,-2.5533784007552116,-2.523941079108477,-2.495249283866662,-2.4672738733663313,-2.439987181868891
174.26071419269874,92.48079831976145,63.43374679173717,48.41576414216985,39.20887304375189,32.97748434638189,28.47656971901657,25.072038083325985,22.40640423482786,20.26257565739328,18.501001215774416,17.02784621512874,15.777669037253492,14.703427991183643,13.770435158529914,12.952549343811807,12.22969620006673,11.586204994929352,11.009664378244745,10.49011742906097,10.019484074735427,9.591139284684402,9.199600112017094,8.840290153808159,8.509359966079048,8.203548514123137,7.920075119901112,7.656554352661247,7.410928374684083,7.181412705051004,6.966452397424572,6.7646863726420925,6.574918190181337,6.396091943111687,6.227272259475786,6.067627617349941,5.916416350973687,5.772974855474194,5.636707598027476,5.507078621199968,5.383604285131602,5.26584704317195,5.153410083560753,5.04593270000441,4.94308627824572,4.844570805254658,4.7501118234803394,4.659457765468741,4.5723776146651565,4.4886588468522195,4.408105613790601,4.330537136520168,4.25578628067439,4.183698290243611,4.114129659640387,4.0469471267905615,3.9820267723928486,3.91925321253461,3.858518873585652,3.799723339766649,3.7427727650466487,3.6875793420998315,3.6340608219741566,3.5821400789175053,3.531744715490398,3.4828067036847057,3.435262058279024,3.3890505391050225,3.344115379284867,3.300403036836166,3.2578629673344706,3.216447415580441,3.1761112244440164,3.1368116592558604,3.0985082462905407,3.0611626240393477,3.024738406106306,2.9892010546807826,2.9545177636463733,2.920657350480009,2.887590156179009,2.855287952528391,2.8237238560872218,2.7928722483321295,2.762708701449163,2.7332099093126416,2.70435362323222,2.6761185920875903,2.648484506504562,2.6214319467571325,2.5949423341080236,2.56899788532521,2.543581570134644,2.5186770713898574,2.4942687477576637,2.470341598735958,2.4468812318348663,2.423873831766309,2.4013061314995907,2.379165385052101
-162.2027547493073,-83.62747213996774,-56.01529501526757,-41.853822236467295,-33.23141356971455,-27.431842061846634,-23.267396978843458,-20.135307835270215,-17.69679165347013,-15.746673188948908,-14.153382943599597,-12.828647278785999,-11.71102570877375,-10.756433313913991,-9.932417187958956,-9.214558749900789,-8.58413401739059,-8.026546723443733,-7.530251877919968,-7.085999495700195,-6.686292607417817,-6.3249918954888305,-5.997022665222386,-5.698154522038687,-5.424833542728211,-5.174052906381333,-4.943252081809082,-4.730237479655045,-4.533119421492794,-4.350261642493615,-4.180240514740787,-4.021811877354498,-3.873883869081417,-3.735494534365756,-3.605793253278856,-3.484025255573399,-3.369518638228433,-3.261673427462025,-3.1599523198755497,-3.0638728101049777,-2.9730004691819154,-2.8869431825148766,-2.805346191795243,-2.72788781331944,-2.654275727793883,-2.584243754866532,-2.51754904034038,-2.4539695959887458,-2.3933021416680913,-2.335360207447302,-2.279972460085053,-2.2269812236594286,-2.1762411687003964,-2.127618147967173,-2.0809881601855165,-2.0362364257246446,-1.993256560438732,-1.9519498357957101,-1.9122245150251744,-1.8739952563855906,-1.8371825758178122,-1.8017123622498925,-1.7675154396737107,-1.73452717084947,-1.702687098127889,-1.6719386174274304,-1.6422286818779213,-1.6135075320532577,-1.5857284500735958,-1.558847535169162,-1.5328234985700797,-1.5076174758247212,-1.4831928548579851,-1.4595151182642305,-1.4365516984909958,-1.4142718447118385,-1.3926465003122308,-1.37164819002348,-1.3512509158380381,-1.3314300609268441,-1.3121623008568928,-1.2934255214762431,-1.275198742895193,-1.257462049047222,-1.2401965223623739,-1.22338418312964,-1.207007933164235,-1.191051503430964,-1.175499405306553,-1.1603368851923568,-1.1455498822145116,-1.131124988771763,-1.1170494137120761,-1.1033109479380179,-1.0898979322579787,-1.0767992273157558,-1.0640041854450337,-1.0515026243080183,-1.0392848021890289,-1.027341394824339
0.6158090986970237,0.7757362280996676,0.8222925942843623,0.8221917202193914,0.7971148622347064,0.7565819266281174,0.7054756924288434,0.6465554091734594,0.5814906039489847,0.5113485886220049,0.4368483716012945,0.35850356782693726,0.27670813656101356,0.19179068533976573,0.10405047200361339,0.013782135948717134,-0.07870695170835074,-0.17308453122595968,-0.2689852606842703,-0.36600580579823194,-0.46370284467410317,-0.5615937815918571,-0.6591600268945342,-0.7558526935724957,-0.8511005061164933,-0.9443196310795381,-1.0349250379669488,-1.1223428998027094,-1.2060234605747753,-1.2854537454222204,-1.3601694791154546,-1.4297656144267765,-1.493904953933861,-1.5523244703261663,-1.6048390800746988,-1.651342788724021,-1.691807287248436,-1.7262782231458123,-1.754869485496235,-1.777755922644829,-1.7951649517858663,-1.8073675232778017,-1.8146688742880164,-1.8173994539141984,-1.8159063337760197,-1.810545342523618,-1.8016740869884162,-1.7896459524190957,-1.7748051132146725,-1.7574825358818034,-1.73799291823462,-1.7166324826346542,-1.6936775250948082,-1.6693836146817804,-1.6439853370312965,-1.6176964801720835,-1.5907105686449627,-1.56320166175584,-1.5353253426380533,-1.5072198358054054,-1.4790072014731312,-1.4507945647291558,-1.4226753464317583,-1.3947304703922665,-1.3670295279612565,-1.3396318866220378,-1.312587733691456,-1.2859390498411574,-1.2597205099961344,-1.2339603113546853,-1.2086809299117451,-1.1838998080531067,-1.1596299766076321,-1.1358806152727858,-1.1126575556290708,-1.0899637310843624,-1.0677995780831626,-1.046163392813998,-1.02505164747881,-1.0044592699735948,-0.9843798905871952,-0.9648060590682456,-0.9457294351488822,-0.9271409553552343,-0.9090309786841058,-0.891389413486288,-0.8742058276717477,-0.8574695441419773,-0.841169723160532,-0.8252954331942732,-0.8098357115948241,-0.7947796163414462,-0.7801162699323567,-0.7658348963903848,-0.7519248522399413,-0.7383756522145782,-0.7251769903669629,-0.7123187571749954,-0.6997910531681862,-0.6875841995364368
-9.489158894765147,-6.125081751948383,-4.618306261094271,-3.7354996171801775,-3.153859663972405,-2.7454560424387555,-2.447880319082235,-2.226530944648694,-2.060465755849439,-1.9361664617784453,-1.8444594190441377,-1.7788598518901053,-1.7346201895101365,-1.7081529168631373,-1.696664718669091,-1.6979158718984442,-1.7100571427874898,-1.7315165505243768,-1.7609194237881436,-1.797031508488094,-1.8387186251285397,-1.8849186342604654,-1.9346228507518732,-1.9868648916147218,-2.0407154476743785,-2.0952817601483376,-2.1497107404428064,-2.203194751830681,-2.2549791164601465,-2.3043704507501688,-2.3507449879190854,-2.3935561309063362,-2.4323405968768204,-2.466722663014259,-2.4964161935368874,-2.521224306879848,-2.5410367151987527,-2.5558249219180085,-2.565635585904209,-2.5705824460285096,-2.5708372450588506,-2.566620099011949,-2.5581897327816976,-2.5458339527625626,-2.5298606609423335,-2.5105896409474724,-2.488345272077756,-2.4634502581326987,-2.436220397667794,-2.4069603733526934,-2.3759605009935174,-2.3434943530615486,-2.309817156017276,-2.275164853683209,-2.23975372859795,-2.2037804779192034,-2.1674226484495054,-2.1308393453947754,-2.0941721404598406,-2.0575461160258897,-2.021070992866806,-1.9848422987665233,-1.9489425442798112,-1.9134423796363609,-1.878401713413006,-1.8438707791408653,-1.8098911405599063,-1.7764966298897198,-1.7437142163668533,-1.7115648045195728,-1.680063963317962,-1.6492225885485754,-1.6190475016051595,-1.5895419884352684,-1.5607062827006484,-1.532537997350457,-1.5050325088144327,-1.4781832979338168,-1.4519822515895733,-1.4264199287827968,-1.4014857946887158,-1.3771684259567483,-1.3534556902747963,-1.3303349029637692,-1.3077929631234648,-1.2858164716171394,-1.264391832961563,-1.2435053429836087,-1.2231432639139486,-1.2032918884133756,-1.1839375938673484,-1.1650668881388901,-1.1466664478383353,-1.1287231500496175,-1.1112240983459858,-1.0941566438322474,-1.0775084018649541,-1.0612672650254276,-1.0454214128523809,-1.0299593187802447
-0.830585623047557,-1.128668706065851,-1.2845499561497356,-1.3781140380063426,-1.4370756492514896,-1.4744103005145712,-1.497227841525629,-1.5098299786964735,-1.5150041929898377,-1.5146499661834512,-1.5101123175735784,-1.5023727606884654,-1.4921650065721304,-1.4800483546101932,-1.4664560389463266,-1.4517281060724896,-1.4361343879241681,-1.4198909346255275,-1.4031720112614365,-1.3861190145778026,-1.3688472062642385,-1.3514508695961294,-1.3340073085880244,-1.3165799846100459,-1.2992210015245744,-1.2819730926847361,-1.2648712227629617,-1.2479438887019867,-1.2312141834257004,-1.214700670876032,-1.1984181098128188,-1.1823780555034205,-1.1665893621591754,-1.1510586041997635,-1.1357904307552953,-1.1207878649700693,-1.106052557448271,-1.0915850014314488,-1.077384715910038,-1.0634504017639972,-1.0497800751386814,-1.0363711815442045,-1.0232206935835901,-1.0103251947392398,-0.9976809512569665,-0.9852839738453009,-0.9731300706416537,-0.9612148926757973,-0.949533972876675,-0.9380827595141211,-0.9268566448373521,-0.9158509895627477,-0.9050611437710201,-0.8944824646954948,-0.8841103318166269,-0.8739401596210703,-0.8639674083351279,-0.8541875929008546,-0.8445962904274333,-0.8351891463197941,-0.8259618792600149,-0.8169102851942565,-0.8080302404582637,-0.7993177041573825,-0.7907687199022597,-0.7823794169884963,-0.7741460110973697,-0.766064804584982,-0.7581321864187031,-0.7503446318123749,-0.7426987016052492,-0.735191041423992,-0.7278183806621157,-0.7205775313068649,-0.7134653866397859,-0.7064789198338582,-0.6996151824671508,-0.692871302970394,-0.6862444850235897,-0.6797320059148182,-0.6733312148726345,-0.6670395313819308,-0.6608544434917882,-0.6547735061226564,-0.648794339379158,-0.6429146268739053,-0.6371321140669041,-0.6314446066244184,-0.6258499688005531,-0.6203461218442589,-0.6149310424339947,-0.609602761141864,-0.6043593609286723,-0.5991989756710392,-0.5941197887214162,-0.5891200315016217,-0.584197982130293,-0.5793519640844721,-0.5745803448953868,-0.5698815348783484
2.565478135675577,1.2767476706402932,0.7456070611574668,0.4473210775271682,0.25383415723125174,0.11717289092878758,0.015040571188936785,-0.0644086355318915,-0.12807690576679287,-0.18026975380266114,-0.2238186585002216,-0.2606664239592075,-0.29219360454966936,-0.31941062300531486,-0.3430759721222777,-0.3637716976181012,-0.3819531565863806,-0.3979827324216482,-0.41215323595301767,-0.4247044981847964,-0.4358353622508947,-0.4457125008910737,-0.4544770021848007,-0.46224935950059864,-0.46913330264343844,-0.4752187755246451,-0.48058427697047024,-0.4852987205200464,-0.4894229268041095,-0.4930108322942952,-0.4961104769242404,-0.49876481769357517,-0.5010124041153986,-0.5028879430575197,-0.5044227743290078,-0.5056452736972463,-0.5065811964772856,-0.5072539721224067,-0.5076849581515035,-0.5078936601216087,-0.5078979230798798,-0.5077140989251179,-0.5073571933121356,-0.5068409950961782,-0.5061781908036733,-0.5053804662028326,-0.5044585967123016,-0.5034225281121697,-0.5022814487967702,-0.5010438546231288,-0.4997176072550444,-0.49830998677456945,-0.49682773922537393,-0.49527711966226273,-0.49366393120499097,-0.49199356052996057,-0.49027101017846886,-0.4885009280132515,-0.4866876341148335,-0.4848351453745907,-0.48294719801153363,-0.48102726821394687,-0.4790785910845209,-0.4771041780480121,-0.47510683286333716,-0.4730891663669847,-0.4710536100614374,-0.46900242865066577,-0.4669377316144877,-0.4648614839045003,-0.4627755158362155,-0.46068153224487235,-0.4585811209659976,-0.456475760696088,-0.45436682828368613,-0.452255605496546,-0.45014328530648684,-0.4480309777298421,-0.44591971525808605,-0.44381045791023765,-0.4417040979359171,-0.4396014641955013,-0.4375033262416018,-0.4354103981240776,-0.4333233419389792,-0.4312427711401554,-0.429169253630751,-0.4271033146504479,-0.42504543947304907,-0.42299607592786337,-0.42095563675730097,-0.4189245018221368,-0.41690302016502395,-0.41489151194203516,-0.4128902702312799,-0.41089956272696637,-0.4089196333266606,-0.40695070361892466,-0.40499297427799313,-0.4030466263716632
3.6256518652005956,2.7241598854678206,2.16357670518011,1.7496923614611988,1.4199225406283973,1.145512857879079,0.9107226964664825,0.7059817968523219,0.5250577741255613,0.36369736941883124,0.2189030907519296,0.08851664233955736,-0.029036469518270103,-0.13491197756529338,-0.22995861042731836,-0.3147971443384159,-0.3898787283712548,-0.4555297156991116,-0.5119874783803602,-0.5594300068985272,-0.5980010301127041,-0.6278316875085677,-0.6490593083339611,-0.6618435270438665,-0.666379750658628,-0.6629098684645316,-0.6517300442280858,-0.6331954452879662,-0.6077218308239927,-0.5757840304702793,-0.5379114788442545,-0.49468111419805716,-0.44670808258512373,-0.39463479661810164,-0.3391189676313242,-0.2808212545450157,-0.22039315052160613,-0.1584656638394797,-0.09563925113189309,-0.03247534104812022,0.030510342663362167,0.09285257557299631,0.15413957424094238,0.21401420764038326,0.27217366975103885,0.3283678490734514,0.3823966522277519,0.4341065406332282,0.48338652576938124,0.5301638441941147,0.5743995025786603,0.6160838491581777,0.6552322940795402,0.6918812692469006,0.7260844897770036,0.7579095548094639,0.7874349054106207,0.8147471415456924,0.8399386882214704,0.8631057924361702,0.884346826974153,0.9037608738101279,0.9214465584350462,0.937501106335346,0.9520195937656457,0.9650943665367757,0.9768146025442415,0.9872659959918149,0.9965305435749909,1.0046864151741977,1.0118078937955635,1.0179653715410453,1.0232253902629473,1.027650717248024,1.0313004477816616,1.0342301277686354,1.0364918907437022,1.0381346046059594,1.0392040242698306,1.039742947157589,1.0397913690781184,1.0393866385579553,1.0385636081264553,1.0373547814189148,1.0357904552601616,1.0338988561359264,1.0317062706583815,1.0292371697928275,1.0265143267407906,1.023558928476115,1.020390681009608,1.017027908518238,1.0134876465201883,1.0097857293099182,1.0059368718901913,1.0019547466527126,0.997852055067198,0.9936405946417646,0.9893313214165655,0.9849344082485265
-3.692281474265531,-2.8571962655350793,-2.362571730304482,-2.013967776737029,-1.748562849210847,-1.5373561205740007,-1.3643494995670238,-1.2197027224969395,-1.0968997940352443,-0.9913896771111388,-0.8998629877113797,-0.8198361971885242,-0.7493978323044583,-0.6870459435771119,-0.631579851111143,-0.5820256402266293,-0.537583442019725,-0.49758923044579273,-0.4614865616294783,-0.4288052872191197,-0.39914526360678426,-0.3721637071888868,-0.34756525510512604,-0.3250940636673092,-0.3045274622868015,-0.2856708093651321,-0.2683532873154808,-0.2524244388210175,-0.23775129358746927,-0.22421596952972034,-0.2117136581491701,-0.20015092328944428,-0.1894442572329611,-0.17951884944285168,-0.17030753203907745,-0.16174987295761856,-0.1537913931405901,-0.14638288838528934,-0.13947983989653379,-0.13304190033119,-0.12703244434194816,-0.1214181744303724,-0.11616877439274131,-0.11125660385245628,-0.1066564283717285,-0.10234518046348484,-0.09830174751413068,-0.09450678320448358,-0.09094253950027853,-0.08759271669148039,-0.08444232930448026,-0.08147758600379473,-0.07868578184884667,-0.07605520148396039,-0.07357503202164417,-0.07123528453548933,-0.06902672321347525,-0.06694080133854363,-0.06496960336372692,-0.0631057924361702,-0.061342562800092315,-0.059673596574623566,-0.058093024460011855,-0.05659538997598801,-0.055175616880181244,-0.05382897945317522,-0.05255107537083248,-0.05133780091449658,-0.0501853282961493,-0.049090084898968156,-0.04804873425445333,-0.047058158595615684,-0.046115442842040055,-0.04521785988709681,-0.04436285707048604,-0.04354804373079035,-0.04277117974297695,-0.042030164954950044,-0.041323029445478165,-0.04064792453315447,-0.040003114472656254,-0.039386968780482534,-0.038797955137670925,-0.03823463282178874,-0.037695646624797186,-0.0371797212172883,-0.03668565592309447,-0.03621231987144857,-0.03575864749673441,-0.03532363435846808,-0.0349063332564985,-0.034505850618548495,-0.03412134313915138,-0.033752014650798356,-0.03339711320969985,-0.03305592838003368,-0.03272778870185522,-0.03241205932906632,-0.03210813982492944,-0.03181546210362152
4.084623490318316,1.7470851973202437,0.8645614241206551,0.4174500009239802,0.15990184447872574,0.0011101353406450798,-0.10045480631417963,-0.16645569437215632,-0.2092518654120418,-0.23636829682175797,-0.25261722076342596,-0.261195894261456,-0.2642939559981821,-0.2634479837556475,-0.25975778548406003,-0.2540232787264173,-0.24683384970160777,-0.23862826374694235,-0.2297357674767329,-0.22040485874503396,-0.21082378194944817,-0.2011353567521721,-0.1914478551567801,-0.18184307775085518,-0.17238241560979306,-0.16311144432452013,-0.15406343557157853,-0.14526206179476597,-0.13672349349815965,-0.1284580352382022,-0.12047140841779636,-0.11276576165238228,-0.10534046959453564,-0.09819276649273206,-0.09131824992245058,-0.08471128201881617,-0.07836530942319986,-0.07227311850709944,-0.06642703887802559,-0.06081910543022545,-0.055441187077377274,-0.05028508864689979,-0.045342631116138954,-0.04060571434690413,-0.03606636566437632,-0.031716776982027406,-0.02754933265973547,-0.023556629869989798,-0.01973149291548848,-0.01606698267386758,-0.01255640212873077,-0.009193298770375058,-0.005971464506564994,-0.002884933607031903,7.202089000257761e-05,0.0029048919590878297,0.005618944270481818,0.00821922054130797,0.010710548364782468,0.01309754736302926,0.015384636538389562,0.017576041722369207,0.01967580304135158,0.021687782334688877,0.023615670474375794,0.02546299454669898,0.027233124865475855,0.028929281794064676,0.03055454235953159,0.03211184664744604,0.033604003969901375,0.03503369880272872,0.036403496490573395,0.03771584872068118,0.038973098767970116,0.04017748651531866,0.041331153254058506,0.042436146270459496,0.043494423224580026,0.04450785632829357,0.045478236329560606,0.04640727631020092,0.047296615304484535,0.04814782174585713,0.048962396749062,0.04974177723480078,0.05048733890393714,0.051200399068067004,0.05188221934308401,0.052534008212159256,0.0531569234643246,0.0537520745146261,0.05432052461157616,0.05486329293740022,0.055381356606342136,0.05587565256605764,0.056347079406906475,0.05679649908372525,0.057224738554455645,0.05763259133978954
0.814700017874438,0.9160280202792691,0.9563580398088561,0.9796858347361594,0.9986549301848814,1.0181155386356098,1.0402017363682203,1.0659158590906905,1.0957308483398733,1.129848907535774,1.168321436230371,1.211107042878074,1.2580998139333777,1.309142541501422,1.3640321333694074,1.4225210024431858,1.4843165754531968,1.5490802222286661,1.6164264618894963,1.6859230490351986,1.7570923800995744,1.829414534492002,1.9023321490124427,1.9752572037407345,2.0475796689188783,2.1186778277075247,2.187929956455693,2.254726922883998,2.3184851653698964,2.378659454737411,2.434754822328196,2.4863370690114523,2.53304134805943,2.5745784337088695,2.6107384351212737,2.641391877479117,2.666488232139201,2.686052121267738,2.700177537403649,2.709020497440185,2.712790590849023,2.7117418853169153,2.706163624584276,2.6963711007154005,2.6826970147999116,2.665483564484038,2.6450754209724407,2.6218136878342575,2.596030872900969,2.5680468548504645,2.538165788359287,2.506673865484237,2.473837834963311,2.439904173740496,2.40509880440409,2.3696272566157166,2.333675178403923,2.2974091130551177,2.2609774681777095,2.2245116145275152,2.1881270627845355,2.1519246762821833,2.1159918864893767,2.0804038857337113,2.0452247782187225,2.01050867587824,1.976300730111405,1.942638094059121,1.9095508129301324,1.8770626420757772,1.8451917941535037,1.813951617907851,1.7833512119199493,1.7533959772074208,1.7240881128592094,1.6954270590174885,1.667409891514878,1.640031672375294,1.6132857602191315,1.5871640844005128,1.5616573864634749,1.5367554322484553,1.512447197720332,1.4887210313318608,1.465564795486853,1.4429659894294786,1.4209118556618308,1.3993894717828106,1.3783858294479263,1.3578879019718633,1.337882701933352,1.3183573299942235,1.2992990160109477,1.2806951533963866,1.2625333275810982,1.2448013393263007,1.2274872235536178,1.2105792642790343,1.194066006169283,1.1779362631772592
-0.4444364485726169,0.12493270893615649,0.4188817237360414,0.6035606599069423,0.7298332350886525,0.8201303737532213,0.8863302831892746,0.9354719643043108,0.9720590291554421,0.9991378393472499,1.0188578536319641,1.0327866055321653,1.0420978935138692,1.0476898592845147,1.0502621133998447,1.050367834320988,1.0484499812651835,1.0448670906022786,1.039912048232495,1.0338260082439128,1.026808884493016,1.0190273756702286,1.0106211845558093,1.0017078947031304,0.9923868349923209,0.9827421714897867,0.9728454025980565,0.9627573885425748,0.9525300139550259,0.9422075588061367,0.9318278356165158,0.9214231379606974,0.9110210355523055,0.9006450437989612,0.8903151900353795,0.8800484942452264,0.869859378649858,0.8597600178429249,0.8497606390122885,0.8398697800866394,0.8300945122771909,0.8204406323817356,0.8109128293232257,0.8015148286649035,0.7922495182454415,0.7831190575845758,0.7741249733018842,0.7652682424525541,0.7565493654013895,0.7479684296197378,0.7395251655912228,0.731218995844601,0.7230490779903272,0.7150143425171652,0.7071135260029043,0.6993452003059388,0.6917077982298361,0.6841996360889889,0.6768189335484229,0.6695638310634311,0.6624324052037691,0.6554226821117499,0.6485326493128774,0.6417602660710023,0.6351034724568158,0.6285601972782546,0.6221283650037917,0.6158059017941372,0.6095907407443896,0.6034808264268419,0.5974741188142414,0.5915685966541877,0.5857622603572968,0.5800531344546818,0.5744392696740521,0.5689187446782094,0.5634896675048393,0.5581501767421868,0.5528984424713658,0.5477326670026812,0.5426510854303148,0.5376519660270682,0.5327336104984796,0.5278943541135153,0.5231325657271673,0.5184466477086066,0.5138350357870602,0.5092961988262428,0.5048286385369972,0.500430889136736,0.49610151696332977,0.491839120050254,0.48764232766904014,0.4835097998444158,0.47944022684690757,0.47543232866714596,0.4714848544756319,0.4675965820712882,0.46376631732173973,0.4599928935979183
1.0309862690794058,1.124208768716351,1.244863832244636,1.3570890860623048,1.45788705732018,1.5482437803009055,1.6295504484928294,1.7029909018893319,1.769465183356989,1.8296211048991822,1.8839014058179704,1.9325861249056728,1.975827147218892,2.0136759875798367,2.046106539216035,2.073034317149314,2.0943333637960277,2.1098516409221424,2.1194254426631964,2.1228931254417525,2.12010825277137,2.1109520893207536,2.095345246785737,2.0732581853383767,2.0447202121965464,2.009826597207056,1.9687434470426348,1.921710044649837,1.8690384649789118,1.8111104133964506,1.7483713870941182,1.6813224169690884,1.6105097915738555,1.5365132807313182,1.4599334525296384,1.3813787068358856,1.3014526301171039,1.220742214725694,1.1398073899315673,1.0591721938097447,0.9793177875736515,0.9006773892640154,0.8236330918847905,0.748514439153546,0.675598563792709,0.6051116495135288,0.5372314568942271,0.4720906519063914,0.40978068966134296,0.35035603054353714,0.2938384970418532,0.24022161364290068,0.18947480623135557,0.14154736946245441,0.09637213917931925,0.053868831416437085,0.01394702962482268,-0.023491182406223665,-0.05854893251809871,-0.09133259910777604,-0.12195015342569118,-0.15050977834783055,-0.17711873523344612,-0.201882450366574,-0.22490379335926464,-0.24628252145104496,-0.26611486562010417,-0.28449323663172266,-0.3015060314421672,-0.3172375226460825,-0.33176781582970594,-0.3451728617241149,-0.3575245119151641,-0.36889060854731176,-0.3793350999552416,-0.388918175475491,-0.39769641384017407,-0.40572294054936914,-0.41304759047210626,-0.4197170726529368,-0.42577513491634833,-0.43126272637855223,-0.43621815640830197,-0.4406772489370476,-0.44467349131441014,-0.4482381771470127,-0.45140054275530456,-0.45418789704134505,-0.45662574468674305,-0.45873790269940234,-0.4605466104049787,-0.4620726330378543,-0.46333535913029406,-0.4643528919300145,-0.4651421350979969,-0.46571887295196834,-0.46609784552815975,-0.466292818736086,-0.4663166498792862,-0.46618134881011647
-1.8804230918573086,-1.6557092016502837,-1.5069934720546296,-1.3976782813307518,-1.3129207268610008,-1.2449285826679555,-1.1890322574480825,-1.142195405823512,-1.102330900601602,-1.0679451672938245,-1.037936302061701,-1.0114717254309564,-0.9879101728696227,-0.9667498964626126,-0.9475931135451677,-0.9301209264774616,-0.9140752151081124,-0.89924530291106,-0.8854579701027929,-0.872569862439138,-0.8604616460446585,-0.8490334552072245,-0.8382013112283351,-0.8278942797819524,-0.8180521962734644,-0.8086238324942452,-0.7995654092722464,-0.790839382649369,-0.782413447924561,-0.7742597184200779,-0.7663540452514102,-0.7586754515439025,-0.7512056600324921,-0.7439286972293802,-0.7368305606552836,-0.7298989382285359,-0.7231229709594569,-0.7164930517295811,-0.710000654240309,-0.7036381872644808,-0.6973988701817702,-0.6912766264665302,-0.6852659923573816,-0.679362038396736,-0.6735603019055447,-0.6678567287695525,-0.6622476231706905,-0.6567296041109077,-0.6512995677536602,-0.6459546547568804,-0.6406922218956939,-0.6355098173776308,-0.6304051593410325,-0.6253761171015435,-0.620420694774325,-0.6155370169527747,-0.6107233161696815,-0.6059779219051364,-0.6012992509382424,-0.5966857988676074,-0.5921361326494896,-0.5876488840229381,-0.5832227437088184,-0.578856456284701,-0.5745488156505698,-0.5702986610114814,-0.5661048733129532,-0.5619663720731943,-0.5578821125634834,-0.5538510832942511,-0.549872303769812,-0.5459448224793972,-0.5420677150962,-0.538240082859692,-0.5344610511195547,-0.5307297680222419,-0.5270454033235425,-0.523407147312544,-0.5198142098341834,-0.5162658193991223,-0.51276122237112,-0.5092996822230207,-0.5058804788539469,-0.5025029079607659,-0.49916628045796685,-0.49586992194069746,-0.49261317218634115,-0.4893953846905591,-0.48621592623419846,-0.48307417647788614,-0.4799695275814973,-0.47690138384601344,-0.4738691613755705,-0.47087228775774675,-0.4679102017603676,-0.4649823530432945,-0.4620882018838422,-0.4592272189146187,-0.4563988848727164,-0.4536026903593031
2.2813461912651816,1.7449273632072486,1.4237178131388077,1.1937008528232025,1.0162067810458584,0.8734738148890908,0.755641534756992,0.6565769964551396,0.5721657388930517,0.4994947647849204,0.4364172729679636,0.38130139172950406,0.33287586121160784,0.2901304706130723,0.25224919185884187,0.21856375158994057,0.18852047699370966,0.16165604676370182,0.1375793852359508,0.11595789824346414,0.09650684330797654,0.07898100535088859,0.06316809676627311,0.048883466556589594,0.0359658166567316,0.02427370261694506,0.013682651849990624,0.0040827729933097245,-0.004623240598458089,-0.012521788414626478,-0.019689780262412082,-0.026195840152009486,-0.03210133363523493,-0.03746124833726805,-0.04232495173059947,-0.04673684572951453,-0.050736934143684964,-0.054361316206442245,-0.057642617126713036,-0.060610364782073045,-0.06329132018160621,-0.06570976811026674,-0.067887773366345,-0.06984540717768895,-0.07160094769698622,-0.0731710579052024,-0.07457094377420126,-0.07581449513784355,-0.07691441138204103,-0.07788231377741528,-0.0787288460346316,-0.07946376445490555,-0.08009601887079565,-0.08063382542031616,-0.0810847320667425,-0.08145567766380224,-0.08175304526866056,-0.08198271032080473,-0.08215008423178038,-0.0822601538670783,-0.08231751734597326,-0.08232641653664807,-0.08229076658149914,-0.08221418275031123,-0.08210000488630831,-0.08195131968130875,-0.08177098099087132,-0.08156162837792191,-0.08132570405355666,-0.08106546836619644,-0.08078301397469845,-0.08048027882725006,-0.08015905805557122,-0.0798210148830224,-0.0794676906354782,-0.0791005139351022,-0.07872080914940294,-0.07832980416097868,-0.07792863751712575,-0.07751836501290033,-0.07709996575619749,-0.07667434775890536,-0.0762423530941354,-0.07580476265587177,-0.07536230055409654,-0.07491563817547164,-0.07446539793697882,-0.07401215675749107,-0.07355644927006388,-0.07309877079573979,-0.07263958009786675,-0.07217930193429922,-0.07171832942336775,-0.07125702623816293,-0.07079572864245093,-0.07033474738043383,-0.0698743694315494,-0.06941485964058852,-0.06895646223256485,-0.0684994022210057
-7.069392485887668,-4.904017799086418,-3.784959766457269,-3.040961807598219,-2.488738470731261,-2.0526741469710212,-1.6944765223739164,-1.3921874804755823,-1.1321263679062645,-0.9052568857377379,-0.7053520297236635,-0.5279850430038957,-0.36993630195349736,-0.22882511443724107,-0.10287022875919094,0.009272547924530805,0.10862476495203488,0.19596894306359536,0.2719118397819029,0.33693387998186664,0.3914288638880725,0.4357365448316779,0.4701696795069308,0.4950364986856244,0.5106591156724456,0.5173881190578113,0.5156134465838387,0.5057715820024131,0.48834913597100305,0.46388294601384716,0.4329569397045083,0.3961961293291827,0.3542582257402629,0.30782345650687626,0.2575832354301164,0.2042283490436292,0.1484372989519802,0.09086537065851541,0.03213489849612916,-0.027172925986875818,-0.08652448560866244,-0.14543831981724753,-0.20348788227274328,-0.2603025920165496,-0.31556736612785086,-0.3690208666818662,-0.42045271671266515,-0.46969994210626764,-0.5166428831760193,-0.5612007956138413,-0.6033273298166086,-0.6430060439113193,-0.6802460720403216,-0.7150780377172568,-0.7475502736856854,-0.7777253854386087,-0.8056771756294424,-0.8314879309083058,-0.8552460609023748,-0.8770440706425474,-0.8969768421819077,-0.915140197914658,-0.9316297166830706,-0.9465397737065415,-0.9599627762986884,-0.9719885689406322,-0.9827039832995181,-0.9921925110264249,-1.000534079491356,-1.0078049129100233,-1.0140774635154326,-1.019420399480417,-1.023898638178545,-1.0275734150680897,-1.030502379995329,-1.0327397140449883,-1.0343362612273435,-1.0353396702965356,-1.035794542857471,-1.0357425846541912,-1.035222757555486,-1.0342714302776126,-1.0329225263222663,-1.031207667972135,-1.029156315487041,-1.026795900890253,-1.024151955935222,-1.0212482340050317,-1.0181068258264345,-1.014748268982838,-1.011191651290632,-1.0074547081646585,-1.0035539141447734,-0.9995045687891091,-0.9953208771631441,-0.9910160251690229,-0.9866022499683436,-0.9820909057552196,-0.977492525135949,-0.9728168763680005
-1.3935242887365349,-1.3438687913214076,-1.3496249866034085,-1.361310894434018,-1.3707922755371302,-1.3765644588474928,-1.3786744679222083,-1.3775551000362265,-1.37369976509153,-1.3675669595423767,-1.3595560541697225,-1.350006321617235,-1.3392031388063177,-1.32738574977985,-1.3147546581551603,-1.3014780720644905,-1.2876973227827795,-1.273531350100953,-1.2590803934108508,-1.244429026247693,-1.2296486551610104,-1.2147995836687313,-1.199932723291882,-1.1850910176721325,-1.170310632679171,-1.1556219549048665,-1.141050432584633,-1.126617286365578,-1.1123401120962157,-1.0982333936498172,-1.0843089404791926,-1.0705762619516028,-1.057042888385838,-1.043714646998484,-1.0305958995768274,-1.0176897475648001,-1.0049982093234617,-0.9925223735678497,-0.9802625323553739,-0.9682182964818424,-0.9563886957095132,-0.9447722658912049,-0.9333671247525577,-0.922171037840712,-0.9111814759335664,-0.9003956650226285,-0.8898106298287652,-0.8794232316793456,-0.8692302014636781,-0.8592281682881877,-0.8494136843709421,-0.8397832466448176,-0.8303333154780479,-0.8210603308686412,-0.8119607264240128,-0.8030309413981797,-0.7942674310238143,-0.7856666753509681,-0.7772251867706057,-0.7689395163887557,-0.7608062593895466,-0.752822059512366,-0.7449836127523081,-0.7372876703801508,-0.7297310413666624,-0.7223105942859487,-0.7150232587637461,-0.7078660265287703,-0.7008359521183993,-0.6939301532839425,-0.6871458111354197,-0.6804801700611074,-0.6739305374529493,-0.6674942832652804,-0.6611688394310846,-0.6549516991571378,-0.648840416116864,-0.6428326035574972,-0.6369259333361457,-0.6311181348976176,-0.6254069942052922,-0.6197903526349534,-0.6142661058402786,-0.6088322025975859,-0.6034866436364896,-0.5982274804622597,-0.5930528141749218,-0.5879607942894719,-0.5829496175609835,-0.5780175268178603,-0.573162809806021,-0.5683837980463958,-0.5636788657077447,-0.5590464284964886,-0.5544849425649617,-0.5499929034392386,-0.5455688449674719,-0.541211338289482,-0.5369189908281643,-0.5326904453031384
